id,county,classify,project_type,title,zbkzj,kbjj,k1,k2,numbers_bidders,publish_time,source_website_address,trade_method
ah-huainan-00ee95ae-0e87-4c88-8536-bd69a6fef380-1KB,,工程建设,市政公用工程,寿县双桥镇淮河行蓄河区居民迁建双桥安置点污水处理厂,13987254.03,12998355.17,0.45,0.98,196,2023-06-25,http://jy.ggj.huainan.gov.cn/jyxx/012001/012001012/012001012002/20230625/00ee95ae-0e87-4c88-8536-bd69a6fef380-1KB.html,公开招标
ah-huainan-01ca01ac-ba2b-4de1-9306-b66c0a223752-1KB,市级,工程建设,工程施工,淮南市中医院迁址新建项目医用气体工程,5198308.8,4834427.18,,,18,2023-02-22,http://jy.ggj.huainan.gov.cn/jyxx/012001/012001012/012001012001/20230222/01ca01ac-ba2b-4de1-9306-b66c0a223752-1KB.html,公开招标
ah-huainan-0475afc0-0b3d-45cb-91be-634a70db1750-1KB,,工程建设,建筑工程,陶圩烘干厂建设项目,4000000.0,3659200.0,0.45,0.95,175,2023-06-26,http://jy.ggj.huainan.gov.cn/jyxx/012001/012001012/012001012002/20230626/0475afc0-0b3d-45cb-91be-634a70db1750-1KB.html,公开招标
ah-huainan-054724c2-af66-4a94-983b-ee0224c61d92-1KB,寿县,工程建设,公路工程,寿县2023年农村公路养护工程项目第一标段,5728467.9,5289094.41,0.6,0.96,150,2023-03-28,http://jy.ggj.huainan.gov.cn/jyxx/012001/012001012/012001012002/20230328/054724c2-af66-4a94-983b-ee0224c61d92-1KB.html,公开招标
ah-huainan-07f4d33e-af07-4c55-b0ba-7b1b10b9abba-1KB,寿县,工程建设,水利水电工程,大顺镇九井电站输水管道工程,5118706.68,4655486.88,0.1,,308,2023-05-29,http://jy.ggj.huainan.gov.cn/jyxx/012001/012001012/012001012002/20230529/07f4d33e-af07-4c55-b0ba-7b1b10b9abba-1KB.html,公开招标
ah-huainan-09c11461-3fd1-4c5a-b5af-7b093c957e37-1KB,,工程建设,市政公用工程,寿县西大街、南大街附属工程项目,9114200.0,7914761.3,0.4,0.92,261,2023-07-25,http://jy.ggj.huainan.gov.cn/jyxx/012001/012001012/012001012002/20230725/09c11461-3fd1-4c5a-b5af-7b093c957e37-1KB.html,
ah-huainan-0a207404-ef4b-4fd4-98c3-2c15327685fb-1KB,寿县,工程建设,市政公用工程,创业大道（西段）、兴业大道（西段）道路绿化提升改造工程,27726640.26,23567644.22,,,101,2023-05-18,http://jy.ggj.huainan.gov.cn/jyxx/012001/012001012/012001012002/20230524/0a207404-ef4b-4fd4-98c3-2c15327685fb-1KB.html,公开招标
ah-huainan-0a3a0d87-ec29-46e9-9893-3586b3a06faf-1KB,市级,工程建设,建筑工程,淮南高新区新能源汽车及装备制造产业园总装车间工程总承包（EPC）,100000000.0,88648000.0,0.0,,15,2023-03-22,http://jy.ggj.huainan.gov.cn/jyxx/012001/012001012/012001012001/20230322/0a3a0d87-ec29-46e9-9893-3586b3a06faf-1KB.html,公开招标
ah-huainan-0a5473bd-a81d-44c6-b50a-4ab3d7b331e1-1KB,寿县,工程建设,公路工程,2023年众兴镇农村公路提质改造工程第二标段,2507261.14,2194856.41,0.45,0.92,142,2023-03-30,http://jy.ggj.huainan.gov.cn/jyxx/012001/012001012/012001012002/20230330/0a5473bd-a81d-44c6-b50a-4ab3d7b331e1-1KB.html,公开招标
ah-huainan-0adb771b-95fb-4bc6-a8c5-65582ac717b8-1KB,寿县,工程建设,公路工程,寿县2023年农村公路安防设施提升工程第一标段,4152156.44,3630894.72,0.4,0.92,153,2023-03-31,http://jy.ggj.huainan.gov.cn/jyxx/012001/012001012/012001012002/20230331/0adb771b-95fb-4bc6-a8c5-65582ac717b8-1KB.html,公开招标
ah-huainan-0af4d2d7-c8d7-42c0-bdf2-f93e36a34820-1KB,,工程建设,建筑工程,罗山国家粮食储备库EPC总承包项目,122700000.0,110066104.0,0.0,,38,2023-06-25,http://jy.ggj.huainan.gov.cn/jyxx/012001/012001012/012001012001/20230625/0af4d2d7-c8d7-42c0-bdf2-f93e36a34820-1KB.html,公开招标
ah-huainan-0b80e0d5-06c5-4f16-a6df-2d97c86e7e31,,工程建设,供电工程 ,安成十字路口棚户区改造项目A区安置房供电工程,18000000.0,15354225.99,,,66,2021-09-07,http://jy.ggj.huainan.gov.cn/jyxx/012001/012001012/012001012001/20211103/0b80e0d5-06c5-4f16-a6df-2d97c86e7e31.html,公开招标
ah-huainan-0b9bf07f-cb30-4ffa-bb46-c4ac7d244067-1KB,凤台县,工程建设,市政公用工程,凤台县新港综合码头疏港公路项目（凤凰湖大桥）,58000000.0,57480448.34,,,9,2023-06-16,http://jy.ggj.huainan.gov.cn/jyxx/012001/012001012/012001012003/20230616/0b9bf07f-cb30-4ffa-bb46-c4ac7d244067-1KB.html,公开招标
ah-huainan-0d8e5984-fcdf-4211-b043-fdaebcbfcf38-1KB,,工程建设,建筑工程,凤台县2023年义务教育保障机制校舍安全工程一标段,13820000.0,11128986.68,,,1365,2023-06-30,http://jy.ggj.huainan.gov.cn/jyxx/012001/012001012/012001012003/20230630/0d8e5984-fcdf-4211-b043-fdaebcbfcf38-1KB.html,
ah-huainan-0db33b10-acc5-4864-a346-fc1681a76826-1KB,寿县,工程建设,市政公用工程,张李乡2023年保张路（高瓦大桥头—北曹台）提质改造工程,12342284.4,11322811.71,0.5,0.96,130,2022-12-08,http://jy.ggj.huainan.gov.cn/jyxx/012001/012001012/012001012002/20221208/0db33b10-acc5-4864-a346-fc1681a76826-1KB.html,公开招标
ah-huainan-108e768d-ba9e-47ee-9af3-8ed5ff9b6821-1KB,寿县,工程建设,建筑工程,寿县板桥镇金汇小学教学楼项目,16990192.15,15430492.51,0.55,-9.4,80,2023-05-05,http://jy.ggj.huainan.gov.cn/jyxx/012001/012001012/012001012002/20230505/108e768d-ba9e-47ee-9af3-8ed5ff9b6821-1KB.html,公开招标
ah-huainan-11133c70-93ab-4dc9-a0e3-959c1ea5acbf-1KB,,工程建设,建筑工程,安徽理工大学研究生公寓4号楼项目设计-采购-施工(EPC)总承包,143465000.0,135144423.28,,,11,2022-11-03,http://jy.ggj.huainan.gov.cn/jyxx/012001/012001012/012001012001/20221103/11133c70-93ab-4dc9-a0e3-959c1ea5acbf-1KB.html,公开招标
ah-huainan-11461950-e1ff-4532-b0f2-5a95e5f3fbec-1KB,,工程建设,建筑工程,寿县城乡公交一体化改造工程项目前期服务总承包第一标段,4000000.0,3720000.0,,,6,2022-10-31,http://jy.ggj.huainan.gov.cn/jyxx/012001/012001012/012001012002/20221031/11461950-e1ff-4532-b0f2-5a95e5f3fbec-1KB.html,公开招标
ah-huainan-129d3cb6-93fa-4e2e-8e57-b59f246b8233-1KB,市级,工程建设,建筑工程,淮南高新区（山南新区）春申里工程施工,300000000.0,264675766.73,0.0,,25,2023-05-29,http://jy.ggj.huainan.gov.cn/jyxx/012001/012001012/012001012001/20230529/129d3cb6-93fa-4e2e-8e57-b59f246b8233-1KB.html,公开招标
ah-huainan-13640613-2ffc-42fe-b2c1-37d2fabe03f1-1KB,,工程建设,房屋建筑配套室外供电工程,淮南经开区绿色智造产业园16#楼供电工程,6300000.0,5615941.95,0.0,,46,2023-02-23,http://jy.ggj.huainan.gov.cn/jyxx/012001/012001012/012001012001/20230223/13640613-2ffc-42fe-b2c1-37d2fabe03f1-1KB.html,公开招标
ah-huainan-17d3a302-e515-4f25-bd05-bf99ef6212e1,市级,工程建设,市政公用工程,淮陈路（学校路-淮清路东侧）道路工程,9040000.0,7680738.03,0.0,,113,2021-09-09,http://jy.ggj.huainan.gov.cn/jyxx/012001/012001012/012001012001/20211103/17d3a302-e515-4f25-bd05-bf99ef6212e1.html,公开招标
ah-huainan-18a40198-7742-4d3d-b3f1-aa033a4382a2-1KB,寿县,工程建设,,寿县红十字会医院综合楼项目电梯采购及安装,2200000.0,1766800.0,,,14,2023-01-04,http://jy.ggj.huainan.gov.cn/jyxx/012001/012001012/012001012002/20230104/18a40198-7742-4d3d-b3f1-aa033a4382a2-1KB.html,公开招标
ah-huainan-18b32312-1ed4-4b7f-87b9-38284e00ac18-1KB,寿县,工程建设,市政公用工程,S230大顺镇境内道路两侧自来水管道迁改工程,7002818.85,6126853.75,,,167,2023-05-25,http://jy.ggj.huainan.gov.cn/jyxx/012001/012001012/012001012002/20230525/18b32312-1ed4-4b7f-87b9-38284e00ac18-1KB.html,公开招标
ah-huainan-18b7d920-6cfb-4313-b0ee-d915c12e14f8,市级,工程建设,建筑工程,安徽机械工业学校运动场建设项目,11980500.0,9913028.02,,,286,2021-09-07,http://jy.ggj.huainan.gov.cn/jyxx/012001/012001012/012001012001/20210907/18b7d920-6cfb-4313-b0ee-d915c12e14f8.html,公开招标
ah-huainan-196353c7-92eb-4723-b0fd-ce0c6d8b7f60-1KB,市级,工程建设,建筑工程,淮南高新区文化发展中心项目工程总承包（EPC）,367497192.36,330747473.12,0.0,,33,2023-05-17,http://jy.ggj.huainan.gov.cn/jyxx/012001/012001012/012001012001/20230517/196353c7-92eb-4723-b0fd-ce0c6d8b7f60-1KB.html,公开招标
ah-huainan-1971435b-eb1f-4037-8c63-7f897148cb7d-1KB,,工程建设,建筑工程,曹庵佳苑二期设计-采购-施工总承包,215161100.0,209833072.5,,,11,2023-06-26,http://jy.ggj.huainan.gov.cn/jyxx/012001/012001012/012001012001/20230626/1971435b-eb1f-4037-8c63-7f897148cb7d-1KB.html,公开招标
ah-huainan-1a947afd-9f6b-4825-968c-5a9a4d798814-1KB,寿县,工程建设,公路工程,寿县瓦埠湖大桥连接线工程第二标段,115640276.03,102225240.13,,,123,2022-11-11,http://jy.ggj.huainan.gov.cn/jyxx/012001/012001012/012001012002/20221111/1a947afd-9f6b-4825-968c-5a9a4d798814-1KB.html,公开招标
ah-huainan-1b6222a9-4f98-484e-8fd5-edccb86b3d0a-1KB,寿县,工程建设,水利水电工程,2023年瓦埠镇水利设施建设工程第二标段,3197026.37,2942926.71,0.2,,199,2023-06-06,http://jy.ggj.huainan.gov.cn/jyxx/012001/012001012/012001012002/20230606/1b6222a9-4f98-484e-8fd5-edccb86b3d0a-1KB.html,公开招标
ah-huainan-1c9c5b1f-52c2-49dd-b11b-2cd215efa92e-1KB,寿县,工程建设,建筑工程,西门街区整治工程（二期）附属景观工程,4330067.96,4000349.77,0.6,0.96,74,2023-05-04,http://jy.ggj.huainan.gov.cn/jyxx/012001/012001012/012001012002/20230504/1c9c5b1f-52c2-49dd-b11b-2cd215efa92e-1KB.html,公开招标
ah-huainan-1ca31d8a-3fe2-4441-aedd-db716e74e615-1KB,寿县,工程建设,建筑工程,寿县科技学校（职教中心）、寿县技工学校建设项目--教学实训用房、教学辅助及行政管理用房项目,426680925.13,385868667.79,,,157,2023-03-29,http://jy.ggj.huainan.gov.cn/jyxx/012001/012001012/012001012002/20230329/1ca31d8a-3fe2-4441-aedd-db716e74e615-1KB.html,公开招标
ah-huainan-1ce5916d-e94c-4000-bd4e-88535d8326d0,寿县,工程建设,建筑装修装饰工程,寿州古城游客中心内部一期功能提升及周边标识导视系统制作施工项目,3843750.89,3803321.24,0.0,,3,2022-10-11,http://jy.ggj.huainan.gov.cn/jyxx/012001/012001012/012001012002/20221011/1ce5916d-e94c-4000-bd4e-88535d8326d0.html,邀请招标
ah-huainan-1dfc4f0d-5eb1-4d93-8fac-076d79eb04a0-1KB,寿县,工程建设,公路工程,寿县2023年农村公路安防设施提升工程第二标段,5727301.17,5001823.93,0.4,0.92,153,2023-03-31,http://jy.ggj.huainan.gov.cn/jyxx/012001/012001012/012001012002/20230331/1dfc4f0d-5eb1-4d93-8fac-076d79eb04a0-1KB.html,公开招标
ah-huainan-2004c6aa-f7bf-462e-9689-f89d1684324e-1KB,寿县,工程建设,,寿县县医院肿瘤中心大楼智能化工程采购及安装项目,6461304.38,6367600.0,1.0,,13,2022-12-22,http://jy.ggj.huainan.gov.cn/jyxx/012001/012001012/012001012002/20221222/2004c6aa-f7bf-462e-9689-f89d1684324e-1KB.html,公开招标
ah-huainan-21bc9e8c-66a4-422c-9397-80b4e845d9b6-1KB,市级,工程建设,市政公用工程,谢家集区2023年老旧小区整治改造项目,13467886.21,12255776.45,0.0,,59,2023-06-12,http://jy.ggj.huainan.gov.cn/jyxx/012001/012001012/012001012001/20230612/21bc9e8c-66a4-422c-9397-80b4e845d9b6-1KB.html,公开招标
ah-huainan-23269dac-4509-4c31-94c7-bfc90cb3ab7d-1KB,寿县,工程建设,水利水电工程,引江济淮工程（安徽段）寿县WBHX-PN-3#排泥区临时用地土地复垦,8514527.04,7729913.37,0.6,0.94,116,2022-11-03,http://jy.ggj.huainan.gov.cn/jyxx/012001/012001012/012001012002/20221103/23269dac-4509-4c31-94c7-bfc90cb3ab7d-1KB.html,公开招标
ah-huainan-2618e2a1-591e-4b1b-a8d8-6b5dae26c108-1KB,凤台县,工程建设,建设工程类,凤台县人民医院新院区及二期建设工程智能化工程,63000000.0,54902090.57,40.0,,24,2023-02-22,http://jy.ggj.huainan.gov.cn/jyxx/012001/012001012/012001012003/20230222/2618e2a1-591e-4b1b-a8d8-6b5dae26c108-1KB.html,公开招标
ah-huainan-2781a7e9-368d-444f-909b-9ec2f817ffe9-1KB,寿县,工程建设,市政公用工程,寿县窑口镇秋分路建设工程项目,18381258.39,15993657.26,0.55,0.92,75,2022-11-29,http://jy.ggj.huainan.gov.cn/jyxx/012001/012001012/012001012002/20221129/2781a7e9-368d-444f-909b-9ec2f817ffe9-1KB.html,公开招标
ah-huainan-29f3fd2b-2a27-4489-bb94-c3948f2bbd89,寿县,工程建设,建筑工程,寿县堰口镇小微园项目,11916088.47,10967567.84,0.35,0.98,779,2021-09-13,http://jy.ggj.huainan.gov.cn/jyxx/012001/012001012/012001012002/20211104/29f3fd2b-2a27-4489-bb94-c3948f2bbd89.html,公开招标
ah-huainan-29fd9800-d38d-464a-9f02-e0e6673288dd,寿县,工程建设,建筑工程,寿县方圩家园景观、绿化及配套工程项目,9086353.56,8068278.53,-8.6,-13.8,949,2021-09-30,http://jy.ggj.huainan.gov.cn/jyxx/012001/012001012/012001012002/20211104/29fd9800-d38d-464a-9f02-e0e6673288dd.html,公开招标
ah-huainan-2ad7e40d-afc6-4c29-87ac-3bfec904a800-1KB,,工程建设,市政公用工程,寿县纬四路建设项目一标段（经八路-双桥路）,13886020.9,11934479.52,0.55,0.9,251,2023-07-11,http://jy.ggj.huainan.gov.cn/jyxx/012001/012001012/012001012002/20230711/2ad7e40d-afc6-4c29-87ac-3bfec904a800-1KB.html,
ah-huainan-2aeaef35-166b-4735-8d0e-a55488b0a8f6-1KB,寿县,工程建设,建筑工程,寿县人民医院南区及配套设施建设项目施工,873764663.7,786388197.33,,,64,2023-05-05,http://jy.ggj.huainan.gov.cn/jyxx/012001/012001012/012001012002/20230505/2aeaef35-166b-4735-8d0e-a55488b0a8f6-1KB.html,公开招标
ah-huainan-2b1ed342-a961-4fc5-a017-848b0775ac88-1KB,寿县,工程建设,建筑工程,阳光南岸小区三期施工总承包项目,910810268.25,819729241.43,,,60,2023-05-26,http://jy.ggj.huainan.gov.cn/jyxx/012001/012001012/012001012002/20230526/2b1ed342-a961-4fc5-a017-848b0775ac88-1KB.html,公开招标
ah-huainan-2bbc7ec5-7238-41a5-bef8-2d44c49e96dd-1KB,市级,工程建设,市政公用工程,淮南八公山工业集聚区污水处理站建设工程,20000000.0,19503454.0,0.0,,9,2023-01-05,http://jy.ggj.huainan.gov.cn/jyxx/012001/012001012/012001012001/20230105/2bbc7ec5-7238-41a5-bef8-2d44c49e96dd-1KB.html,公开招标
ah-huainan-2bc3adab-3974-4305-9864-8a63b91adf8e-1KB,寿县,工程建设,建筑工程,寿县迎河镇明珠雅苑小区建设工程项目,106150598.65,95535538.88,,,51,2023-05-26,http://jy.ggj.huainan.gov.cn/jyxx/012001/012001012/012001012002/20230526/2bc3adab-3974-4305-9864-8a63b91adf8e-1KB.html,公开招标
ah-huainan-2bd21167-a186-41e9-8585-2a1227470b16-1KB,市级,工程建设,建筑工程,淮南高新区产业园四期一标段设计-采购-施工总承包,494130000.0,444717000.0,0.0,,13,2022-11-08,http://jy.ggj.huainan.gov.cn/jyxx/012001/012001012/012001012001/20221108/2bd21167-a186-41e9-8585-2a1227470b16-1KB.html,公开招标
ah-huainan-2dbe62f8-9967-44d1-bb3c-646acf40fb08-1KB,市级,工程建设,建筑工程,中城建研发展示中心行政综合楼部分装饰装修工程,17000000.0,14763547.11,0.0,,88,2023-04-27,http://jy.ggj.huainan.gov.cn/jyxx/012001/012001012/012001012001/20230427/2dbe62f8-9967-44d1-bb3c-646acf40fb08-1KB.html,公开招标
ah-huainan-2ddcd17f-02d1-4b54-ba50-e8e995d20db9-1KB,寿县,工程建设,水利水电工程,寿县2022年中央财政水利救灾资金工程第一标段,3463236.25,3249208.25,0.1,-2.0,134,2023-02-20,http://jy.ggj.huainan.gov.cn/jyxx/012001/012001012/012001012002/20230220/2ddcd17f-02d1-4b54-ba50-e8e995d20db9-1KB.html,公开招标
ah-huainan-2e35884d-08f6-409e-9c31-32aab519089a-1KB,,工程建设,建筑工程,堰口初中教辅用房,7480000.0,7009390.54,0.4,0.98,181,2023-06-27,http://jy.ggj.huainan.gov.cn/jyxx/012001/012001012/012001012002/20230627/2e35884d-08f6-409e-9c31-32aab519089a-1KB.html,
ah-huainan-2ec0055f-08ff-42b6-9a39-40ff17ba91d8-1KB,市级,工程建设,建筑工程,淮南市大通区全民健身中心,12000000.0,10704513.3,0.0,,163,2022-11-07,http://jy.ggj.huainan.gov.cn/jyxx/012001/012001012/012001012001/20221107/2ec0055f-08ff-42b6-9a39-40ff17ba91d8-1KB.html,公开招标
ah-huainan-2fd45eb2-5132-4b18-b400-758457151e79-1KB,,工程建设,建筑工程,中辉科技产业园设计-采购-施工(EPC)总承包,268450000.0,265067531.66,0.0,,17,2023-07-26,http://jy.ggj.huainan.gov.cn/jyxx/012001/012001012/012001012001/20230726/2fd45eb2-5132-4b18-b400-758457151e79-1KB.html,
ah-huainan-333a47bf-4e03-4dd4-acdd-80284cdfd8ab,寿县,工程建设,建筑工程,寿县窑口镇窑口小微园附属配套工程,1279138.11,1229800.66,,,3,2021-12-10,http://jy.ggj.huainan.gov.cn/jyxx/012001/012001012/012001012002/20211210/333a47bf-4e03-4dd4-acdd-80284cdfd8ab.html,邀请招标
ah-huainan-33b67741-1bdd-4e1f-ba52-889877f11389-1KB,寿县,工程建设,市政公用工程,寿县紫竹苑片区老旧小区改造项目二期工程—历史城区大寺巷升级改造工程,4832203.41,4210637.09,0.5,0.92,151,2023-01-17,http://jy.ggj.huainan.gov.cn/jyxx/012001/012001012/012001012002/20230117/33b67741-1bdd-4e1f-ba52-889877f11389-1KB.html,公开招标
ah-huainan-3454fba4-e646-43a9-a2d9-b2cd1ec2bb4f-1KB,寿县,工程建设,建筑工程,小甸镇古楼村乡村振兴产业基地项目,5449815.22,5088492.47,0.4,0.98,175,2023-06-09,http://jy.ggj.huainan.gov.cn/jyxx/012001/012001012/012001012002/20230609/3454fba4-e646-43a9-a2d9-b2cd1ec2bb4f-1KB.html,公开招标
ah-huainan-34b6ba2b-b78f-4aef-b2b9-2b7f3206deea-1KB,,工程建设,建筑工程,安丰塘初中、船涨学校、陶店小学教育强国推进工程第二标段,3150000.0,2967000.0,0.4,0.98,180,2023-06-27,http://jy.ggj.huainan.gov.cn/jyxx/012001/012001012/012001012002/20230627/34b6ba2b-b78f-4aef-b2b9-2b7f3206deea-1KB.html,
ah-huainan-34dfc11a-d912-43ec-973e-e8714923fec2-1KB,,工程建设,建筑工程,隐贤中学教师周转宿舍和马集学校教师周转宿舍第一标段,3149478.68,2920826.53,0.5,0.96,181,2023-06-27,http://jy.ggj.huainan.gov.cn/jyxx/012001/012001012/012001012002/20230627/34dfc11a-d912-43ec-973e-e8714923fec2-1KB.html,
ah-huainan-35cf1124-02fd-4921-b897-f8bbf5bd0753,,工程建设,公路工程,寿县小甸镇2021年衔接资金项目（古楼村通组水泥路等5条水泥路）,3006654.0,3005605.05,,,3,2021-09-07,http://jy.ggj.huainan.gov.cn/jyxx/012001/012001012/012001012002/20210907/35cf1124-02fd-4921-b897-f8bbf5bd0753.html,邀请招标
ah-huainan-36bd2538-1dcb-4a56-b26c-f7a87d5e587f-1KB,凤台县,工程建设,水利水电工程,“皖北地区群众喝上引调水工程”凤台县农村供水管网提升改造项目监理标,1800000.0,1620000.0,0.0,,17,2023-05-09,http://jy.ggj.huainan.gov.cn/jyxx/012001/012001012/012001012003/20230509/36bd2538-1dcb-4a56-b26c-f7a87d5e587f-1KB.html,公开招标
ah-huainan-39294b59-406e-4fc4-9bca-6b6a6aefb9cd-1KB,寿县,工程建设,建筑工程,寿县南湖小区（二期）一标段建设工程,92792269.02,84138539.44,,,69,2023-06-21,http://jy.ggj.huainan.gov.cn/jyxx/012001/012001012/012001012002/20230621/39294b59-406e-4fc4-9bca-6b6a6aefb9cd-1KB.html,公开招标
ah-huainan-3c743cd4-8823-4be2-9838-5d057f90b6f2-1KB,市级,工程建设,建筑智能化工程,淮南市中医院迁址新建项目智能化工程,28840000.0,25422889.1,0.0,,48,2023-05-17,http://jy.ggj.huainan.gov.cn/jyxx/012001/012001012/012001012001/20230517/3c743cd4-8823-4be2-9838-5d057f90b6f2-1KB.html,公开招标
ah-huainan-3c75b941-2f16-4474-a424-6a7e510f68e5-1KB,寿县,工程建设,建筑工程,50Gwh锂电池产业基地（新能源电池标准化厂房）一期前期服务总承包项目,3500000.0,3280000.0,0.0,,7,2023-02-08,http://jy.ggj.huainan.gov.cn/jyxx/012001/012001012/012001012002/20230208/3c75b941-2f16-4474-a424-6a7e510f68e5-1KB.html,公开招标
ah-huainan-3d31a84f-c569-47a9-8282-48643c3a06af-1KB,凤台县,工程建设,水利水电工程,“皖北地区群众喝上引调水工程”凤台县农村供水管网提升改造项目施工标,135000000.0,115029291.97,0.3,,21,2023-05-10,http://jy.ggj.huainan.gov.cn/jyxx/012001/012001012/012001012003/20230510/3d31a84f-c569-47a9-8282-48643c3a06af-1KB.html,公开招标
ah-huainan-3d9a4502-b4d2-47ae-8101-14da8614de56-1KB,,工程建设,市政公用工程,淮南高新区（山南新区）南纬五路（南经二路-南经六路）建设工程设计-采购-施工总承包,260000000.0,220740458.81,0.0,,18,2023-03-27,http://jy.ggj.huainan.gov.cn/jyxx/012001/012001012/012001012001/20230327/3d9a4502-b4d2-47ae-8101-14da8614de56-1KB.html,公开招标
ah-huainan-3def2adb-e631-49f8-9b75-55d251816b8a-1KB,,工程建设,建筑工程,中共寿县小甸镇委员会党校建设项目,49286074.79,46141623.22,0.4,0.98,270,2023-07-24,http://jy.ggj.huainan.gov.cn/jyxx/012001/012001012/012001012002/20230724/3def2adb-e631-49f8-9b75-55d251816b8a-1KB.html,
ah-huainan-3e5b0010-3cc9-417d-a613-60418f61e869-1KB,,工程建设,建筑工程,寿县寿春镇东津社区股份经济合作社农事服务项目,5395209.78,5070741.86,0.6,0.97,186,2023-07-04,http://jy.ggj.huainan.gov.cn/jyxx/012001/012001012/012001012002/20230704/3e5b0010-3cc9-417d-a613-60418f61e869-1KB.html,
ah-huainan-3e898097-780e-4520-9d8a-7d94bc277152-1KB,寿县,工程建设,建筑工程,寿县粮食仓储设施建设（五期）项目第二包,18945816.44,16983217.29,0.45,0.97,107,2022-11-08,http://jy.ggj.huainan.gov.cn/jyxx/012001/012001012/012001012002/20221108/3e898097-780e-4520-9d8a-7d94bc277152-1KB.html,公开招标
ah-huainan-3ea1a125-7285-47f3-8215-8c0efee7812c,寿县,工程建设,建筑工程,寿县双桥孙厂加油加气站建设项目,4412537.8,4103660.15,-5.2,-8.4,231,2021-10-12,http://jy.ggj.huainan.gov.cn/jyxx/012001/012001012/012001012002/20211012/3ea1a125-7285-47f3-8215-8c0efee7812c.html,公开招标
ah-huainan-3f43268a-5d7c-46a2-9df7-8d9c7496acb3-1KB,,工程建设,工程货物类,寿县明珠上苑电梯采购及安装项目,9600000.0,8395300.0,,,34,2023-07-10,http://jy.ggj.huainan.gov.cn/jyxx/012001/012001012/012001012002/20230710/3f43268a-5d7c-46a2-9df7-8d9c7496acb3-1KB.html,
ah-huainan-3fcba090-4b28-4dda-9fae-831d1682a3d1,寿县,工程建设,建筑工程,国投?邻里中心幼儿园工程项目,10847117.89,9816150.86,-7.8,-11.2,734,2021-09-30,http://jy.ggj.huainan.gov.cn/jyxx/012001/012001012/012001012002/20211104/3fcba090-4b28-4dda-9fae-831d1682a3d1.html,公开招标
ah-huainan-3fe0a9f5-1bed-4a23-98cb-59702fc1bd16-1KB,市级,工程建设,建筑工程,淮南现代产业园区科技创新产业园（一期）EPC项目,173411500.0,168081623.0,0.0,,11,2023-04-06,http://jy.ggj.huainan.gov.cn/jyxx/012001/012001012/012001012001/20230406/3fe0a9f5-1bed-4a23-98cb-59702fc1bd16-1KB.html,公开招标
ah-huainan-411d49df-cd2d-4de2-8926-e1881eb983a9-1KB,市级,工程建设,建筑工程,安徽淮南现代煤化工产业园标准化厂房二期（高端材料深加工产业园）项目总承包（EPC）,521863000.0,510486475.0,0.0,,12,2023-05-09,http://jy.ggj.huainan.gov.cn/jyxx/012001/012001012/012001012001/20230509/411d49df-cd2d-4de2-8926-e1881eb983a9-1KB.html,公开招标
ah-huainan-4133cf35-eab9-4ef0-8025-1b589c7eeae1-1KB,寿县,工程建设,市政公用工程,寿县城市更新（二期）二标段项目,411311017.3,336083433.32,,,98,2023-02-28,http://jy.ggj.huainan.gov.cn/jyxx/012001/012001012/012001012002/20230228/4133cf35-eab9-4ef0-8025-1b589c7eeae1-1KB.html,公开招标
ah-huainan-4288227e-9d59-4ffd-a9b5-3c84f5cfdbbf-1KB,,工程建设,建筑工程,安丰塘初中、船涨学校、陶店小学教育强国推进工程第一标段,4200000.0,3815468.26,0.4,0.98,181,2023-06-27,http://jy.ggj.huainan.gov.cn/jyxx/012001/012001012/012001012002/20230627/4288227e-9d59-4ffd-a9b5-3c84f5cfdbbf-1KB.html,
ah-huainan-43641dc7-f6b9-4646-b296-efcb34c0f7f3-1KB,寿县,工程建设,市政公用工程,城市更新一期—寿县燕园路二标段建设项目,45932293.66,40280607.41,-12.8,-11.4,187,2023-02-09,http://jy.ggj.huainan.gov.cn/jyxx/012001/012001012/012001012002/20230209/43641dc7-f6b9-4646-b296-efcb34c0f7f3-1KB.html,公开招标
ah-huainan-4712d2b4-d298-4f8c-b418-148659de34c5-1KB,市级,工程建设,建筑工程,淮景农旅文化产业园一期工程EPC总承包项目,104000000.0,95994926.0,6.0,,13,2023-03-28,http://jy.ggj.huainan.gov.cn/jyxx/012001/012001012/012001012001/20230328/4712d2b4-d298-4f8c-b418-148659de34c5-1KB.html,公开招标
ah-huainan-47cf2d9d-5508-497e-9672-b3492af40837-1KB,凤台县,工程建设,公路工程,凤台县X023马刘路升级改造工程,32000000.0,29667819.51,0.0,,23,2023-02-07,http://jy.ggj.huainan.gov.cn/jyxx/012001/012001012/012001012003/20230207/47cf2d9d-5508-497e-9672-b3492af40837-1KB.html,公开招标
ah-huainan-491d5d5a-5cb8-47fd-8a43-73b9dbe64bfa-1KB,寿县,工程建设,建筑工程,安丰塘镇柿元村小微园,4272732.25,3895816.26,0.6,0.94,172,2023-04-04,http://jy.ggj.huainan.gov.cn/jyxx/012001/012001012/012001012002/20230404/491d5d5a-5cb8-47fd-8a43-73b9dbe64bfa-1KB.html,公开招标
ah-huainan-4a17ba32-7fb6-4788-97fa-6cd1dc015ca0-1KB,寿县,工程建设,,寿县炎刘镇和刘岗镇村庄规划及寿县新桥国际产业园城市设计,10000000.0,9760000.0,,,5,2023-02-02,http://jy.ggj.huainan.gov.cn/jyxx/012001/012001012/012001012002/20230202/4a17ba32-7fb6-4788-97fa-6cd1dc015ca0-1KB.html,公开招标
ah-huainan-4a37f417-3b2d-4619-b9a7-f4851e7b80aa-1KB,寿县,工程建设,,寿县2023年高标准农田建设初步设计项目第一标段,1.1,1.06,,,20,2022-12-19,http://jy.ggj.huainan.gov.cn/jyxx/012001/012001012/012001012002/20221219/4a37f417-3b2d-4619-b9a7-f4851e7b80aa-1KB.html,公开招标
ah-huainan-4bc68221-41b7-46b1-a9e6-f3f538ca1d99-1KB,市级,工程建设,水利水电工程,潘集区皖北地区群众喝上引调水工程（袁庄水厂改扩建-北片区管网提升改造项目）施工一标段,6700000.0,6466750.69,0.2,,520,2023-06-07,http://jy.ggj.huainan.gov.cn/jyxx/012001/012001012/012001012001/20230607/4bc68221-41b7-46b1-a9e6-f3f538ca1d99-1KB.html,公开招标
ah-huainan-4c870d8c-6486-4e6e-9757-ea0f50e708da,寿县,工程建设,水利水电工程,寿县2021年度高标准农田建设项目（第三批）第18标段,8298499.36,7878595.29,0.3,-2.0,507,2021-09-09,http://jy.ggj.huainan.gov.cn/jyxx/012001/012001012/012001012002/20211102/4c870d8c-6486-4e6e-9757-ea0f50e708da.html,公开招标
ah-huainan-4ef6b78b-e4c7-4eee-bd7d-cbfffa83b1fa-1KB,市级,工程建设,建筑工程,八公山循环工业园汽车循环再利用项目挡土墙工程（二次）,4820000.0,4338138.92,0.0,,103,2023-06-06,http://jy.ggj.huainan.gov.cn/jyxx/012001/012001012/012001012001/20230606/4ef6b78b-e4c7-4eee-bd7d-cbfffa83b1fa-1KB.html,公开招标
ah-huainan-4f8d3290-927e-4dbc-9661-4a3979f12caa-1KB,凤台县,工程建设,建筑工程,凤台县凤凰湖新区安置区玻璃幕墙及地下车库玻璃罩篷工程,6910000.0,6281318.89,0.0,,30,2023-05-05,http://jy.ggj.huainan.gov.cn/jyxx/012001/012001012/012001012003/20230505/4f8d3290-927e-4dbc-9661-4a3979f12caa-1KB.html,公开招标
ah-huainan-4fe5f1af-6941-4e90-a877-431a9c31e8c7-1KB,寿县,工程建设,公路工程,寿县丰庄镇2023年农村公路提质改造工程第一标段,2746292.75,2463301.43,-8.6,-11.8,255,2023-05-30,http://jy.ggj.huainan.gov.cn/jyxx/012001/012001012/012001012002/20230530/4fe5f1af-6941-4e90-a877-431a9c31e8c7-1KB.html,公开招标
ah-huainan-52564fa8-328c-4eed-ab68-5747d0f0f14f-1KB,寿县,工程建设,公路工程,正阳关镇2023年农村公路提质改造工程第二标段,2398841.37,2190032.67,-8.0,-9.4,321,2023-04-06,http://jy.ggj.huainan.gov.cn/jyxx/012001/012001012/012001012002/20230406/52564fa8-328c-4eed-ab68-5747d0f0f14f-1KB.html,公开招标
ah-huainan-528afb2f-f70b-4c84-8a9a-16754113b03a-1KB,市级,工程建设,建筑工程,潘东新城智造园标准化厂房EPC工程总承包项目,524695700.0,503708300.0,,,20,2023-02-21,http://jy.ggj.huainan.gov.cn/jyxx/012001/012001012/012001012001/20230221/528afb2f-f70b-4c84-8a9a-16754113b03a-1KB.html,公开招标
ah-huainan-5291ae60-8320-49fb-a80b-fb904d47dee5-1KB,,工程建设,市政公用工程,淮南市公交公司罗山新场区项目室外工程,24000000.0,20004938.88,0.0,,197,2023-07-18,http://jy.ggj.huainan.gov.cn/jyxx/012001/012001012/012001012001/20230718/5291ae60-8320-49fb-a80b-fb904d47dee5-1KB.html,
ah-huainan-52e9140a-ffdc-4fae-89ce-4410447aa318-1KB,寿县,工程建设,建筑工程,安徽有度智能机器人新桥产业园项目工程总承包（EPC）,156465500.0,140918950.0,,,25,2023-05-04,http://jy.ggj.huainan.gov.cn/jyxx/012001/012001012/012001012002/20230504/52e9140a-ffdc-4fae-89ce-4410447aa318-1KB.html,公开招标
ah-huainan-5357e22f-f1fb-4c7c-af1f-1c4386f05b46-1KB,市级,工程建设,建筑工程,淮南市大通区朱家大山废弃矿山综合治理,25622780.68,23982922.72,0.0,,47,2023-05-23,http://jy.ggj.huainan.gov.cn/jyxx/012001/012001012/012001012001/20230523/5357e22f-f1fb-4c7c-af1f-1c4386f05b46-1KB.html,公开招标
ah-huainan-53e3e782-742f-4e85-b8ba-8252901da32c-1KB,寿县,工程建设,水利水电工程,保义镇塘郢村灌溉站工程-中心沟电站,5163226.87,4775313.64,0.2,,354,2023-04-10,http://jy.ggj.huainan.gov.cn/jyxx/012001/012001012/012001012002/20230410/53e3e782-742f-4e85-b8ba-8252901da32c-1KB.html,公开招标
ah-huainan-54a06c1d-ff3b-4a89-ab9b-430c8a943e9d-1KB,寿县,工程建设,,寿县寿蔡路改造提升项目照明工程路灯采购安装项目,3677940.0,3210900.0,-9.0,-14.8,49,2023-06-08,http://jy.ggj.huainan.gov.cn/jyxx/012001/012001012/012001012002/20230608/54a06c1d-ff3b-4a89-ab9b-430c8a943e9d-1KB.html,公开招标
ah-huainan-54aabe24-8352-4e0e-8871-b64b8b72b097,寿县,工程建设,建筑工程,寿县淮河行蓄洪区2019-2021年居民迁建双桥镇双桥、马荒安置点附属工程,105790757.08,91825926.89,-11.2,-14.8,134,2021-09-08,http://jy.ggj.huainan.gov.cn/jyxx/012001/012001012/012001012002/20210908/54aabe24-8352-4e0e-8871-b64b8b72b097.html,公开招标
ah-huainan-55086b7f-beb6-436b-a402-d771e12a61b6-1KB,,工程建设,市政公用工程,合肥新桥机场S1线（新桥机场至新桥产业园段）及配套工程建设项目一标段,1000000000.0,886144283.52,,,33,2022-10-17,http://jy.ggj.huainan.gov.cn/jyxx/012001/012001012/012001012002/20221017/55086b7f-beb6-436b-a402-d771e12a61b6-1KB.html,公开招标
ah-huainan-554a9708-52a2-4d30-8c48-86b1ea3f60af,寿县,工程建设,市政公用工程,寿县新城区基础设施提升工程---沿河路项目,14318354.97,12556569.46,-12.2,-12.4,827,2021-10-08,http://jy.ggj.huainan.gov.cn/jyxx/012001/012001012/012001012002/20211111/554a9708-52a2-4d30-8c48-86b1ea3f60af.html,公开招标
ah-huainan-56b5cf7d-853b-4386-972f-548f98eb7dd1-1KB,,工程建设,市政公用工程,陶店回族乡污水管网项目第二标段,700000.0,657693.88,0.55,0.98,222,2023-07-06,http://jy.ggj.huainan.gov.cn/jyxx/012001/012001012/012001012002/20230706/56b5cf7d-853b-4386-972f-548f98eb7dd1-1KB.html,
ah-huainan-570f9ad7-937c-443d-a94d-3534992d52e6,寿县,工程建设,水利水电工程,寿县2021年度高标准农田建设项目（第三批）第19标段,8298499.36,7878595.29,0.3,-2.0,529,2021-09-09,http://jy.ggj.huainan.gov.cn/jyxx/012001/012001012/012001012002/20211102/570f9ad7-937c-443d-a94d-3534992d52e6.html,公开招标
ah-huainan-586dc36b-50f7-4cb5-87f5-1275f9433fb8-1KB,寿县,工程建设,公路工程,陶店回族乡农村公路提质改造等建设项目第二标段,1450166.49,1284783.27,-12.6,-10.2,268,2023-04-20,http://jy.ggj.huainan.gov.cn/jyxx/012001/012001012/012001012002/20230420/586dc36b-50f7-4cb5-87f5-1275f9433fb8-1KB.html,公开招标
ah-huainan-5af6116e-2738-4448-9528-069f111fc5e0-1KB,寿县,工程建设,,寿县中小企业创业园电梯采购及安装工程,20460000.0,18004800.0,-11.0,-14.2,41,2023-01-18,http://jy.ggj.huainan.gov.cn/jyxx/012001/012001012/012001012002/20230118/5af6116e-2738-4448-9528-069f111fc5e0-1KB.html,公开招标
ah-huainan-5c022c2b-af51-4ee4-8258-e4d0bc3910ad-1KB,寿县,工程建设,建筑工程,寿县历史城区保护和复兴项目规划设计,15050000.0,14790050.0,,,5,2023-03-30,http://jy.ggj.huainan.gov.cn/jyxx/012001/012001012/012001012002/20230330/5c022c2b-af51-4ee4-8258-e4d0bc3910ad-1KB.html,公开招标
ah-huainan-5dab4ade-f9f5-4857-89f5-fa82f76ba392-1KB,寿县,工程建设,建筑工程,寿县涧沟镇朱厂（张郢）小微园项目,5076708.64,4585283.24,0.4,0.95,169,2023-04-06,http://jy.ggj.huainan.gov.cn/jyxx/012001/012001012/012001012002/20230406/5dab4ade-f9f5-4857-89f5-fa82f76ba392-1KB.html,公开招标
ah-huainan-6045b323-aeff-4367-9ac6-66a0e954d340-1KB,寿县,工程建设,公路工程,寿县2023年农村公路村道安全防护工程项目,7606568.21,6900677.76,0.45,0.96,157,2023-03-27,http://jy.ggj.huainan.gov.cn/jyxx/012001/012001012/012001012002/20230327/6045b323-aeff-4367-9ac6-66a0e954d340-1KB.html,公开招标
ah-huainan-61713641-ac5f-47bb-81fb-1c2c54c2042f-1KB,市级,工程建设,市政公用工程,淮南市毛集实验区自来水厂DBOO项目（EPC）总承包,55328100.00000001,54447196.6,0.0,,3,2022-12-08,http://jy.ggj.huainan.gov.cn/jyxx/012001/012001012/012001012001/20221208/61713641-ac5f-47bb-81fb-1c2c54c2042f-1KB.html,公开招标
ah-huainan-621c542e-a888-49a0-8782-dea5edf11ebe-1KB,寿县,工程建设,公路工程,陶店回族乡农村公路提质改造等建设项目第四标段,899960.9,786526.51,-14.2,-11.0,268,2023-04-20,http://jy.ggj.huainan.gov.cn/jyxx/012001/012001012/012001012002/20230420/621c542e-a888-49a0-8782-dea5edf11ebe-1KB.html,公开招标
ah-huainan-62785f94-dcdb-4cd9-943c-30ae8a386e9b-1KB,市级,工程建设,,潘集区皖北地区群众喝上引调水工程（茨源水厂改扩建-潘集镇小圩村、潘北新村水源替换项目）一标段,3530000.0,3447073.21,0.2,,466,2023-05-11,http://jy.ggj.huainan.gov.cn/jyxx/012001/012001012/012001012001/20230511/62785f94-dcdb-4cd9-943c-30ae8a386e9b-1KB.html,公开招标
ah-huainan-62826369-534d-4d5f-9d31-ac6f8807334d-1KB,寿县,工程建设,,寿县第三中学新桥分校空调采购及安装项目,2634884.36,2434189.0,1.0,,25,2023-05-26,http://jy.ggj.huainan.gov.cn/jyxx/012001/012001012/012001012002/20230526/62826369-534d-4d5f-9d31-ac6f8807334d-1KB.html,公开招标
ah-huainan-62cc4948-e41d-494d-a01c-ce99c6d1a4ab-1KB,市级,工程建设,建筑工程,安联海德公馆二期外墙保温真石漆工程,13000000.0,10536977.68,0.0,,58,2023-03-13,http://jy.ggj.huainan.gov.cn/jyxx/012001/012001012/012001012001/20230313/62cc4948-e41d-494d-a01c-ce99c6d1a4ab-1KB.html,公开招标
ah-huainan-64e99d4a-2dc0-4951-b3f6-409fcaeb8935-1KB,,工程建设,建筑工程,淮南市消防救援培训基地队史馆和心理健康与促进中心建设设计采购施工一体化项目,4500000.0,4000119.09,0.0,,5,2022-12-22,http://jy.ggj.huainan.gov.cn/jyxx/012001/012001012/012001012001/20221222/64e99d4a-2dc0-4951-b3f6-409fcaeb8935-1KB.html,公开招标
ah-huainan-65179599-e76c-40b6-9379-e4c274f833f4-1KB,寿县,工程建设,,古城区西南片区老旧小区改造设计招标项目,1500000.0,1284600.0,0.0,,16,2023-04-10,http://jy.ggj.huainan.gov.cn/jyxx/012001/012001012/012001012002/20230410/65179599-e76c-40b6-9379-e4c274f833f4-1KB.html,公开招标
ah-huainan-6746fb23-9219-4666-8fc3-ebff20e09e81-1KB,市级,工程建设,市政公用工程,八公山区孔李地区水环境整治工程,60000000.0,56690415.75,,,16,2023-01-18,http://jy.ggj.huainan.gov.cn/jyxx/012001/012001012/012001012001/20230118/6746fb23-9219-4666-8fc3-ebff20e09e81-1KB.html,公开招标
ah-huainan-67a59fa5-b557-472f-a158-b918ea2cdf14-1KB,寿县,工程建设,建筑工程,寿县老城区寿春苑停车场旅游公厕工程,832813.58,777514.76,0.6,0.96,148,2023-01-03,http://jy.ggj.huainan.gov.cn/jyxx/012001/012001012/012001012002/20230103/67a59fa5-b557-472f-a158-b918ea2cdf14-1KB.html,公开招标
ah-huainan-67bb0a68-ad7b-45cf-bb72-6c60f5461591,寿县,工程建设,建筑工程,寿县城南小区、楚都小区钢结构玻璃雨棚项目,6431978.67,5839944.62,-8.2,-10.2,233,2021-10-09,http://jy.ggj.huainan.gov.cn/jyxx/012001/012001012/012001012002/20211108/67bb0a68-ad7b-45cf-bb72-6c60f5461591.html,公开招标
ah-huainan-67db9b7f-c9b5-459c-a906-20df4f2fb9eb-1KB,寿县,工程建设,建筑工程,新集村扶贫基地建设项目（二期）,10893651.77,9915401.84,0.45,0.95,175,2023-04-03,http://jy.ggj.huainan.gov.cn/jyxx/012001/012001012/012001012002/20230403/67db9b7f-c9b5-459c-a906-20df4f2fb9eb-1KB.html,公开招标
ah-huainan-68280e39-4cba-40c8-8a99-5ec3d3ecabab-1KB,凤台县,工程建设,公路工程,S102合阜路凤台段(K116+575-K120+386)路面改造提升工程,12500000.0,11837527.74,0.0,,22,2023-02-10,http://jy.ggj.huainan.gov.cn/jyxx/012001/012001012/012001012003/20230210/68280e39-4cba-40c8-8a99-5ec3d3ecabab-1KB.html,公开招标
ah-huainan-68d21a46-f1ed-4e0a-92f1-de5b76c91147-1KB,寿县,工程建设,,寿县2023年高标准农田建设初步设计项目第三标段,1.1,1.056,,,20,2022-12-19,http://jy.ggj.huainan.gov.cn/jyxx/012001/012001012/012001012002/20221219/68d21a46-f1ed-4e0a-92f1-de5b76c91147-1KB.html,公开招标
ah-huainan-696347af-e0a9-47b0-aea8-be649ab95ef5,寿县,工程建设,水利水电工程,寿县2021年度高标准农田建设项目（第三批）第24标段,8298499.36,7878595.29,0.3,-2.0,513,2021-09-09,http://jy.ggj.huainan.gov.cn/jyxx/012001/012001012/012001012002/20211102/696347af-e0a9-47b0-aea8-be649ab95ef5.html,公开招标
ah-huainan-6963c3c7-4779-42dc-a315-dd62a0fd193e-1KB,寿县,工程建设,市政公用工程,寿县寿蔡路改造提升附属工程,10720853.32,9442710.51,-13.2,-10.6,184,2023-05-16,http://jy.ggj.huainan.gov.cn/jyxx/012001/012001012/012001012002/20230516/6963c3c7-4779-42dc-a315-dd62a0fd193e-1KB.html,公开招标
ah-huainan-6a5034eb-4d3c-4a19-a54c-33b487af9e0a-1KB,寿县,工程建设,建筑工程,寿县老城区东北拐角塘旅游公厕工程,766618.07,709712.53,0.5,0.96,146,2023-01-03,http://jy.ggj.huainan.gov.cn/jyxx/012001/012001012/012001012002/20230103/6a5034eb-4d3c-4a19-a54c-33b487af9e0a-1KB.html,公开招标
ah-huainan-6a70dea5-f053-40ab-a651-f8faa9124d54,,工程建设,水利水电工程,寿县2021年度高标准农田建设项目（第三批）第15标段,8298499.36,7878595.29,0.3,-2.0,510,2021-09-09,http://jy.ggj.huainan.gov.cn/jyxx/012001/012001012/012001012002/20211102/6a70dea5-f053-40ab-a651-f8faa9124d54.html,公开招标
ah-huainan-6a80a4bd-b2e6-4456-8f70-067d1158e69e-1KB,市级,工程建设,水利水电工程,田家庵区2023年曹庵镇农村供水保障工程项目,10000000.0,9264741.74,0.1,,906,2023-04-06,http://jy.ggj.huainan.gov.cn/jyxx/012001/012001012/012001012001/20230406/6a80a4bd-b2e6-4456-8f70-067d1158e69e-1KB.html,公开招标
ah-huainan-6b0e2808-9939-4fae-bf8d-564f7b8fcc9a,,工程建设,水利水电工程,寿县2021年度高标准农田建设项目（第三批）第21标段,8298499.36,7878595.29,0.3,-2.0,503,2021-09-09,http://jy.ggj.huainan.gov.cn/jyxx/012001/012001012/012001012002/20211102/6b0e2808-9939-4fae-bf8d-564f7b8fcc9a.html,公开招标
ah-huainan-6b6c8bb3-e892-4e36-a2e7-c1ae655ed5c2-1KB,寿县,工程建设,建筑工程,寿县炎刘镇中心卫生院加固补强工程项目,1240333.33,1163184.59,0.5,0.97,148,2022-12-19,http://jy.ggj.huainan.gov.cn/jyxx/012001/012001012/012001012002/20221219/6b6c8bb3-e892-4e36-a2e7-c1ae655ed5c2-1KB.html,公开招标
ah-huainan-6bdd1f68-5b98-41f7-81bb-109b1140abd2,寿县,工程建设,建筑工程,寿县实验小学西校区附属工程建设项目,34379560.93,29427432.72,-14.8,-14.0,936,2021-09-16,http://jy.ggj.huainan.gov.cn/jyxx/012001/012001012/012001012002/20211111/6bdd1f68-5b98-41f7-81bb-109b1140abd2.html,公开招标
ah-huainan-6cf0b714-ac61-466e-88f6-c6aade788b56-1KB,凤台县,工程建设,工程货物类,凤台县凤凰湖新区安置区八期电梯采购及安装,9990000.0,9574000.0,,,18,2023-06-21,http://jy.ggj.huainan.gov.cn/jyxx/012001/012001012/012001012003/20230621/6cf0b714-ac61-466e-88f6-c6aade788b56-1KB.html,公开招标
ah-huainan-6cf636b1-825c-423e-9ff6-30b09e596dc6-1KB,,工程建设,建筑工程,淮师附小洞山校区教学楼拆除重建工程施工项目,12040000.0,11493114.07,0.0,,72,2023-06-21,http://jy.ggj.huainan.gov.cn/jyxx/012001/012001012/012001012001/20230621/6cf636b1-825c-423e-9ff6-30b09e596dc6-1KB.html,公开招标
ah-huainan-6e2bb296-4574-4ded-90a1-0a2e99dfe0a4-1KB,市级,工程建设,建筑工程,安联海德公馆入户大堂及公共区域装饰工程,7500000.0,6053227.48,0.0,,81,2023-02-27,http://jy.ggj.huainan.gov.cn/jyxx/012001/012001012/012001012001/20230227/6e2bb296-4574-4ded-90a1-0a2e99dfe0a4-1KB.html,公开招标
ah-huainan-6e2cfb9a-cf7e-40c3-8e65-99205de14d98-1KB,寿县,工程建设,建筑工程,寿县县医院独立感染病区室内装饰及相关配套附属工程项目,7275154.31,6231242.42,,,126,2023-02-28,http://jy.ggj.huainan.gov.cn/jyxx/012001/012001012/012001012002/20230228/6e2cfb9a-cf7e-40c3-8e65-99205de14d98-1KB.html,公开招标
ah-huainan-6e4c7665-d1a7-4f9e-8659-cce1c9447ab4-1KB,市级,工程建设,建筑工程,多村联建标准化车间项目EPC总承包,16219500.0,15821160.0,,,16,2023-04-19,http://jy.ggj.huainan.gov.cn/jyxx/012001/012001012/012001012001/20230419/6e4c7665-d1a7-4f9e-8659-cce1c9447ab4-1KB.html,公开招标
ah-huainan-6f60ac8b-d36a-424d-a9d9-7c6bcbb40799-1KB,寿县,工程建设,建筑工程,寿县安丰塘镇申桥村党群服务中心综合楼工程,5340608.07,5027114.38,0.55,0.98,172,2023-04-18,http://jy.ggj.huainan.gov.cn/jyxx/012001/012001012/012001012002/20230418/6f60ac8b-d36a-424d-a9d9-7c6bcbb40799-1KB.html,公开招标
ah-huainan-6fa001e4-c2e8-4fa9-861d-0b879ba8689f-1KB,,工程建设,建筑工程,枸杞初中、迎河小学教育强国推进工程第二标段,7140000.0,6448162.3,0.45,0.94,182,2023-06-27,http://jy.ggj.huainan.gov.cn/jyxx/012001/012001012/012001012002/20230627/6fa001e4-c2e8-4fa9-861d-0b879ba8689f-1KB.html,
ah-huainan-70832da3-b28b-482e-9365-0b4067ade313-1KB,市级,工程建设,建筑工程,淮南高新区新型显示材料产业园一期工程总承包（EPC）,419213424.5,376158126.43,0.0,,23,2023-05-10,http://jy.ggj.huainan.gov.cn/jyxx/012001/012001012/012001012001/20230510/70832da3-b28b-482e-9365-0b4067ade313-1KB.html,公开招标
ah-huainan-70e56130-53ea-47ad-8387-34df1a25a299-1KB,,工程建设,建筑工程,隐贤镇包公村产业振兴基地,4180000.0,3811622.98,0.4,0.95,224,2023-07-05,http://jy.ggj.huainan.gov.cn/jyxx/012001/012001012/012001012002/20230705/70e56130-53ea-47ad-8387-34df1a25a299-1KB.html,
ah-huainan-711e6e17-29e3-4e74-a02a-5ad058cf637c-1KB,寿县,工程建设,公路工程,寿县丰庄镇2023年农村公路提质改造工程第二标段,2979471.5,2672452.32,-8.6,-11.8,254,2023-05-30,http://jy.ggj.huainan.gov.cn/jyxx/012001/012001012/012001012002/20230530/711e6e17-29e3-4e74-a02a-5ad058cf637c-1KB.html,公开招标
ah-huainan-71fba106-6abf-4efe-b44f-834b80944e75-1KB,,工程建设,建筑工程,九龙岗镇王楼粮食种子烘干仓储中心项目（一期）设计-采购-施工（EPC）总承包,5000000.0,4907648.11,1.0,,8,2023-03-13,http://jy.ggj.huainan.gov.cn/jyxx/012001/012001012/012001012001/20230313/71fba106-6abf-4efe-b44f-834b80944e75-1KB.html,公开招标
ah-huainan-7409a63f-0f2d-4626-aa8c-89b288c661a6-1KB,寿县,工程建设,公路工程,正阳关镇2023年农村公路提质改造工程第一标段,4022698.32,3519685.04,-11.8,-13.2,325,2023-04-06,http://jy.ggj.huainan.gov.cn/jyxx/012001/012001012/012001012002/20230406/7409a63f-0f2d-4626-aa8c-89b288c661a6-1KB.html,公开招标
ah-huainan-74cc3c92-b60d-441a-a220-abcd46421fe3,寿县,工程建设,水利水电工程,寿县2021年度高标准农田建设项目（第三批）第16标段,8298499.36,7878595.29,0.3,-2.0,502,2021-09-09,http://jy.ggj.huainan.gov.cn/jyxx/012001/012001012/012001012002/20211102/74cc3c92-b60d-441a-a220-abcd46421fe3.html,公开招标
ah-huainan-74cddea0-ad82-4479-a08d-879625ebd924-1KB,,工程建设,建筑工程,毛集实验区实验学校建设工程总承包EPC项目,188000000.0,180480000.0,0.0,,11,2023-07-11,http://jy.ggj.huainan.gov.cn/jyxx/012001/012001012/012001012001/20230711/74cddea0-ad82-4479-a08d-879625ebd924-1KB.html,
ah-huainan-754d1270-7960-4745-be82-59ba4b531e29-1KB,,工程建设,建筑工程,安丰塘初中、船涨学校、陶店小学教育强国推进工程第三标段,3150000.0,2956884.43,0.4,0.98,180,2023-06-27,http://jy.ggj.huainan.gov.cn/jyxx/012001/012001012/012001012002/20230627/754d1270-7960-4745-be82-59ba4b531e29-1KB.html,
ah-huainan-7755d0e9-d51d-4a34-a35d-3557b16d500d-1KB,市级,工程建设,公路工程,淮南市2023年普通干线公路养护工程检测项目,3058700.0,2869978.21,0.0,,4,2023-06-12,http://jy.ggj.huainan.gov.cn/jyxx/012001/012001012/012001012001/20230612/7755d0e9-d51d-4a34-a35d-3557b16d500d-1KB.html,公开招标
ah-huainan-77d09b52-6d41-49e4-9524-2ec1852d948b-1KB,,工程建设,建筑工程,贾庙中心村产业振兴基地（二期）项目,17766761.21,16078741.23,0.45,0.94,181,2023-06-29,http://jy.ggj.huainan.gov.cn/jyxx/012001/012001012/012001012002/20230629/77d09b52-6d41-49e4-9524-2ec1852d948b-1KB.html,
ah-huainan-77f9d695-adeb-4cde-a1b2-ec597cc42956,寿县,工程建设,水利水电工程,寿县2021年度高标准农田建设项目（第三批）第17标段,8298499.36,7878595.29,0.3,-2.0,504,2021-09-09,http://jy.ggj.huainan.gov.cn/jyxx/012001/012001012/012001012002/20211102/77f9d695-adeb-4cde-a1b2-ec597cc42956.html,公开招标
ah-huainan-7860a530-b5a9-4d4b-80e1-9370804ef9a5-1KB,寿县,工程建设,公路工程,陶店回族乡农村公路提质改造等建设项目第一标段,1460870.49,1286962.55,-10.0,-13.8,271,2023-04-20,http://jy.ggj.huainan.gov.cn/jyxx/012001/012001012/012001012002/20230420/7860a530-b5a9-4d4b-80e1-9370804ef9a5-1KB.html,公开招标
ah-huainan-79664e07-34b1-4af1-bcea-1393e54f561a-1KB,寿县,工程建设,市政公用工程,众兴路污水管网改造工程,4955876.66,4385950.84,-10.0,-8.4,57,2023-01-18,http://jy.ggj.huainan.gov.cn/jyxx/012001/012001012/012001012002/20230118/79664e07-34b1-4af1-bcea-1393e54f561a-1KB.html,公开招标
ah-huainan-7eacfe99-a89d-4eb4-ab08-2a0d26e610cc,,工程建设,市政公用工程,毛集实验区乡村发展振兴项目（农村人居环境整治专项）工程总承包,45000000.0,43425000.0,,,20,2021-11-23,http://jy.ggj.huainan.gov.cn/jyxx/012001/012001012/012001012001/20211123/7eacfe99-a89d-4eb4-ab08-2a0d26e610cc.html,公开招标
ah-huainan-7f515f75-f065-4605-b84f-0c4742bd7b96-1KB,,工程建设,市政公用工程,凤台县新一路、新二路道路工程及西商雨水管排水工程建设项目,20850000.0,17720780.63,0.0,,31,2023-06-29,http://jy.ggj.huainan.gov.cn/jyxx/012001/012001012/012001012003/20230629/7f515f75-f065-4605-b84f-0c4742bd7b96-1KB.html,
ah-huainan-7f5f38cf-d6a5-4a95-9b8c-0e83c45c29f9-1KB,凤台县,工程建设,建筑工程,凤台县斜路陈棚户区改造项目雨污水工程,2300000.0,2050095.59,3.83,,204,2023-04-19,http://jy.ggj.huainan.gov.cn/jyxx/012001/012001012/012001012003/20230419/7f5f38cf-d6a5-4a95-9b8c-0e83c45c29f9-1KB.html,公开招标
ah-huainan-81868ce2-a852-470d-b074-895c397c6c9a-1KB,市级,工程建设,建筑工程,淮南市消防救援支队培训基地战勤保障深化库室建设项目,4000000.0,3599855.11,0.0,,43,2022-12-01,http://jy.ggj.huainan.gov.cn/jyxx/012001/012001012/012001012001/20221201/81868ce2-a852-470d-b074-895c397c6c9a-1KB.html,公开招标
ah-huainan-81c74a74-9b03-417c-adf2-d020130b951d-1KB,寿县,工程建设,工程货物类,寿县科技学校(职教中心)、寿县技工学校电梯采购及安装工程项目,5400000.0,4457500.0,,,31,2023-06-06,http://jy.ggj.huainan.gov.cn/jyxx/012001/012001012/012001012002/20230606/81c74a74-9b03-417c-adf2-d020130b951d-1KB.html,公开招标
ah-huainan-8432654a-13d4-4005-afe8-75c9a25d874f-1KB,寿县,工程建设,建筑工程,寿县粮食仓储设施建设（五期）项目第一标段,18945816.44,17842980.47,0.45,0.97,116,2022-11-08,http://jy.ggj.huainan.gov.cn/jyxx/012001/012001012/012001012002/20221108/8432654a-13d4-4005-afe8-75c9a25d874f-1KB.html,公开招标
ah-huainan-8597a9cd-0674-4d52-8611-a1057323abe3-1KB,市级,工程建设,建筑工程,孤堆回族乡现代农业产业园建设项目（三期）EPC总承包,5117000.0,4936600.0,0.0,,13,2023-06-12,http://jy.ggj.huainan.gov.cn/jyxx/012001/012001012/012001012001/20230612/8597a9cd-0674-4d52-8611-a1057323abe3-1KB.html,公开招标
ah-huainan-8696bcda-a356-4f8c-b7d7-d7668ba14017-1KB,寿县,工程建设,水利水电工程,寿县洪小河生态环境综合治理项目（一期）I标段1包建设工程,8704298.19,7958987.43,0.1,,183,2023-06-16,http://jy.ggj.huainan.gov.cn/jyxx/012001/012001012/012001012002/20230616/8696bcda-a356-4f8c-b7d7-d7668ba14017-1KB.html,公开招标
ah-huainan-882a20dc-9e44-4694-a035-a1ff841044bd-1KB,寿县,工程建设,建筑工程,寿县老城区北门东侧内环路公厕改造工程,686070.1,636261.41,0.4,0.96,147,2023-01-03,http://jy.ggj.huainan.gov.cn/jyxx/012001/012001012/012001012002/20230103/882a20dc-9e44-4694-a035-a1ff841044bd-1KB.html,公开招标
ah-huainan-88c7a210-0123-40b3-a2ec-f0b013ef08fe-1KB,凤台县,工程建设,市政公用工程,凤台经济开发区凤凰湖园区污水处理厂项目（EPC）总承包,192414800.0,187947218.11,0.0,,13,2023-06-20,http://jy.ggj.huainan.gov.cn/jyxx/012001/012001012/012001012003/20230620/88c7a210-0123-40b3-a2ec-f0b013ef08fe-1KB.html,公开招标
ah-huainan-88f1c20d-1c97-4f82-9cf1-d65e49f330dd-1KB,寿县,工程建设,建筑工程,张李、迎河、板桥、安丰塘、正阳、丰庄、涧沟、双桥等8乡镇2023年校舍维修改造项目第一标段,4203417.44,3941124.19,0.4,0.98,181,2023-06-14,http://jy.ggj.huainan.gov.cn/jyxx/012001/012001012/012001012002/20230614/88f1c20d-1c97-4f82-9cf1-d65e49f330dd-1KB.html,公开招标
ah-huainan-8a300c4a-3275-4e58-a991-d56bd5bf2f02-1KB,寿县,工程建设,市政公用工程,寿县二中篮球场排球场和运动场看台及膜结构维修改造项目,4000000.0,3583771.74,-11.2,-9.4,129,2023-06-05,http://jy.ggj.huainan.gov.cn/jyxx/012001/012001012/012001012002/20230605/8a300c4a-3275-4e58-a991-d56bd5bf2f02-1KB.html,公开招标
ah-huainan-8a51997e-d7f4-49f4-ac17-39e7774fdeb6-1KB,市级,工程建设,建筑工程,西淝河毛集实验区花家湖段生态环境综合治理工程EPC总承包项目,49500000.0,42282900.0,3.0,,18,2022-11-14,http://jy.ggj.huainan.gov.cn/jyxx/012001/012001012/012001012001/20221114/8a51997e-d7f4-49f4-ac17-39e7774fdeb6-1KB.html,公开招标
ah-huainan-8d342f9e-9031-43ce-9d48-94081744ad92-1KB,寿县,工程建设,公路工程,寿县“十四五”交通重点项目前期服务总承包项目,36000000.0,29800000.0,,,9,2023-05-29,http://jy.ggj.huainan.gov.cn/jyxx/012001/012001012/012001012002/20230529/8d342f9e-9031-43ce-9d48-94081744ad92-1KB.html,公开招标
ah-huainan-8d825b44-7edf-47cc-a7c4-3f661d543b4d-1KB,市级,工程建设,建筑工程,淮南经开化工园区危化品运输车辆专用停车场建设项目,19488400.0,16326020.81,0.0,,190,2023-06-21,http://jy.ggj.huainan.gov.cn/jyxx/012001/012001012/012001012001/20230621/8d825b44-7edf-47cc-a7c4-3f661d543b4d-1KB.html,公开招标
ah-huainan-8dd0ea6f-eab0-42ab-b9cf-d751129a8153-1KB,寿县,工程建设,,新桥科创产业园（标准化厂房）二期电梯项目,8834450.0,7722200.0,-15.0,-12.6,37,2023-03-21,http://jy.ggj.huainan.gov.cn/jyxx/012001/012001012/012001012002/20230321/8dd0ea6f-eab0-42ab-b9cf-d751129a8153-1KB.html,公开招标
ah-huainan-8f28f273-3e22-45aa-be37-78de213eddcb-1KB,寿县,工程建设,水利水电工程,寿县陶店提水泵站建设项目,17511397.35,16527125.28,0.2,-2.0,122,2023-01-11,http://jy.ggj.huainan.gov.cn/jyxx/012001/012001012/012001012002/20230111/8f28f273-3e22-45aa-be37-78de213eddcb-1KB.html,公开招标
ah-huainan-8f64399c-998d-40b0-ba6b-3e6a5f894e43-1KB,寿县,工程建设,/,寿县国投邻里中心电梯采购及安装项目,2560000.0,2252800.0,13.8,9.4,24,2023-01-18,http://jy.ggj.huainan.gov.cn/jyxx/012001/012001012/012001012002/20230118/8f64399c-998d-40b0-ba6b-3e6a5f894e43-1KB.html,公开招标
ah-huainan-93a05395-1436-432f-9b5a-253365bebfe2-1KB,寿县,工程建设,公路工程,寿县瓦埠湖大桥连接线工程第一标段,200043878.35,177230014.28,,,127,2022-11-11,http://jy.ggj.huainan.gov.cn/jyxx/012001/012001012/012001012002/20221111/93a05395-1436-432f-9b5a-253365bebfe2-1KB.html,公开招标
ah-huainan-93d2adac-ed28-4268-8ac2-c2e636a30abf-1KB,,工程建设,市政公用工程,寿县城市更新一期—南环路（双桥路-经二路）建设项目,11845924.2,10787609.33,0.6,0.94,252,2023-07-10,http://jy.ggj.huainan.gov.cn/jyxx/012001/012001012/012001012002/20230710/93d2adac-ed28-4268-8ac2-c2e636a30abf-1KB.html,
ah-huainan-9443b9a4-437e-46e9-8937-e67c51b61a0e-1KB,寿县,工程建设,公路工程,寿县2023年农村公路提质改造工程（小甸镇）,6140529.86,5341993.87,-12.4,-13.6,435,2023-04-19,http://jy.ggj.huainan.gov.cn/jyxx/012001/012001012/012001012002/20230419/9443b9a4-437e-46e9-8937-e67c51b61a0e-1KB.html,公开招标
ah-huainan-96eef03b-98e5-49a0-b0b6-c091faa69b8f-1KB,寿县,工程建设,,合肥新桥机场S1线（新桥机场至新桥产业园段）及配套工程建设项目第三方见证检测服务,8028800.0,6500000.0,,,4,2022-12-08,http://jy.ggj.huainan.gov.cn/jyxx/012001/012001012/012001012002/20221208/96eef03b-98e5-49a0-b0b6-c091faa69b8f-1KB.html,公开招标
ah-huainan-971364b1-5e3e-4e23-863b-8f08053d0449-1KB,寿县,工程建设,水利水电工程,2023年瓦埠镇水利设施建设工程第一标段,2346938.71,2155099.94,0.2,,200,2023-06-06,http://jy.ggj.huainan.gov.cn/jyxx/012001/012001012/012001012002/20230606/971364b1-5e3e-4e23-863b-8f08053d0449-1KB.html,公开招标
ah-huainan-97a4769d-c383-4899-b114-22274db5873c-1KB,寿县,工程建设,建筑工程,陶圩初中女生宿舍楼项目和陶圩初中教师周转宿舍项目,6018484.39,5656643.24,0.45,0.98,184,2023-06-13,http://jy.ggj.huainan.gov.cn/jyxx/012001/012001012/012001012002/20230613/97a4769d-c383-4899-b114-22274db5873c-1KB.html,公开招标
ah-huainan-97cd619c-b290-4572-97a9-b658c571b54d-1KB,凤台县,工程建设,公路工程,凤台县2023年农村公路安防设施提升工程一标段,12000000.0,9769516.24,0.0,,481,2023-04-27,http://jy.ggj.huainan.gov.cn/jyxx/012001/012001012/012001012003/20230427/97cd619c-b290-4572-97a9-b658c571b54d-1KB.html,公开招标
ah-huainan-98e0e414-3745-4885-af0c-d9d16018b7e1-1KB,寿县,工程建设,建筑工程,50Gwh锂电池产业基地（新能源电池标准化厂房）一期项目工程施工,553522062.56,498335912.65,,,64,2023-05-04,http://jy.ggj.huainan.gov.cn/jyxx/012001/012001012/012001012002/20230504/98e0e414-3745-4885-af0c-d9d16018b7e1-1KB.html,公开招标
ah-huainan-99c1e48b-b6cd-4a82-bf7b-4b218bf4a0ff-1KB,市级,工程建设,建筑工程,预采购淮南市烈士陵园二期烈士陈列馆展陈布展项目建设,4838514.45,4493856.11,0.0,,19,2023-04-12,http://jy.ggj.huainan.gov.cn/jyxx/012001/012001012/012001012001/20230412/99c1e48b-b6cd-4a82-bf7b-4b218bf4a0ff-1KB.html,公开招标
ah-huainan-9d36e968-136b-41ce-bb46-4e34edbf4651-1KB,寿县,工程建设,建筑工程,众兴、隐贤、安丰、保义、堰口、陶店、窑口、寿春、八公等9乡镇2023年校舍维修改造项目第一标段,3602285.12,3385986.26,0.55,0.97,181,2023-06-15,http://jy.ggj.huainan.gov.cn/jyxx/012001/012001012/012001012002/20230615/9d36e968-136b-41ce-bb46-4e34edbf4651-1KB.html,公开招标
ah-huainan-9dea6504-5ebb-437b-812a-10a53afefbc8-1KB,寿县,工程建设,建筑工程,隐贤镇多村联建生态产业基地（二期）,4199726.6,3823431.1,0.6,0.94,181,2023-05-25,http://jy.ggj.huainan.gov.cn/jyxx/012001/012001012/012001012002/20230525/9dea6504-5ebb-437b-812a-10a53afefbc8-1KB.html,公开招标
ah-huainan-9f31793f-faad-4b98-96b0-b881dc054c12-1KB,凤台县,工程建设,市政公用工程,凤台县顾桥镇采煤沉陷区治理工程项目,30000000.0,26749529.81,,,27,2023-04-11,http://jy.ggj.huainan.gov.cn/jyxx/012001/012001012/012001012003/20230424/9f31793f-faad-4b98-96b0-b881dc054c12-1KB.html,公开招标
ah-huainan-a027efc4-7570-40ba-9c15-1a21f1643d57-1KB,寿县,工程建设,,合肥新桥机场S1线（新桥机场至新桥产业园段）及配套工程建设项目第三方测量及监测工程项目,10300000.0,8992280.0,,,19,2023-03-29,http://jy.ggj.huainan.gov.cn/jyxx/012001/012001012/012001012002/20230329/a027efc4-7570-40ba-9c15-1a21f1643d57-1KB.html,公开招标
ah-huainan-a05d202f-efda-4995-bcbb-ff6d390dd1eb-1KB,寿县,工程建设,,寿县明珠佳园小区10KV配电工程项目,17542083.91,15787875.52,,,56,2022-09-23,http://jy.ggj.huainan.gov.cn/jyxx/012001/012001012/012001012002/20220923/a05d202f-efda-4995-bcbb-ff6d390dd1eb-1KB.html,公开招标
ah-huainan-a3641d8c-72c7-44f2-91bb-a32ea5a2e842-1KB,市级,工程建设,市政公用工程,大通区九龙岗南门口片区老旧小区改造二期EPC总承包,24000000.0,21120000.0,0.0,,27,2022-11-10,http://jy.ggj.huainan.gov.cn/jyxx/012001/012001012/012001012001/20221110/a3641d8c-72c7-44f2-91bb-a32ea5a2e842-1KB.html,公开招标
ah-huainan-a3bf0bac-55a0-4326-ad52-2577fe1f34a8-1KB,凤台县,工程建设,建筑工程,安徽州来地产集团有限公司“州来地产二号地块”项目提升配套工程,40000000.0,37939477.47,0.0,,27,2023-05-25,http://jy.ggj.huainan.gov.cn/jyxx/012001/012001012/012001012003/20230525/a3bf0bac-55a0-4326-ad52-2577fe1f34a8-1KB.html,公开招标
ah-huainan-a42ca66f-d97c-4c5f-abe7-e09b566dee48-1KB,寿县,工程建设,市政公用工程,寿县窑口镇市政道路建设工程项目,8093023.7,6940577.13,0.4,0.92,91,2023-01-19,http://jy.ggj.huainan.gov.cn/jyxx/012001/012001012/012001012002/20230119/a42ca66f-d97c-4c5f-abe7-e09b566dee48-1KB.html,公开招标
ah-huainan-a55a928a-71f2-497e-9ba0-9959181cbfc7-1KB,市级,工程建设,水利水电工程,焦岗湖流域毛集片区主要入湖河流水环境治理及生态修复工程EPC项目,76123500.0,74465529.4,0.0,,18,2023-04-03,http://jy.ggj.huainan.gov.cn/jyxx/012001/012001012/012001012001/20230403/a55a928a-71f2-497e-9ba0-9959181cbfc7-1KB.html,公开招标
ah-huainan-a73c9dc0-c57d-4e72-b912-b53ec13dd3cb-1KB,,工程建设,市政公用工程,陶店回族乡污水管网项目第一标段,4140000.0,3882758.53,0.55,0.98,239,2023-07-06,http://jy.ggj.huainan.gov.cn/jyxx/012001/012001012/012001012002/20230706/a73c9dc0-c57d-4e72-b912-b53ec13dd3cb-1KB.html,
ah-huainan-aa237944-c6f9-4d20-b1f4-b10db790e99e-1KB,市级,工程建设,建筑工程,田家庵区龙湖中学新校区改造项目设计-采购-施工总承包,56195600.00000001,55638544.0,0.0,,12,2023-04-03,http://jy.ggj.huainan.gov.cn/jyxx/012001/012001012/012001012001/20230403/aa237944-c6f9-4d20-b1f4-b10db790e99e-1KB.html,公开招标
ah-huainan-ab17ee4e-96e9-4303-892a-15436d15d64e,寿县,工程建设,水利水电工程,寿县双庙集镇取水工程,5979934.28,5160339.44,0.0,,313,2021-08-25,http://jy.ggj.huainan.gov.cn/jyxx/012001/012001012/012001012002/20211102/ab17ee4e-96e9-4303-892a-15436d15d64e.html,公开招标
ah-huainan-ab7d4d9c-e5f4-4025-b640-a4e342216e63-1KB,市级,工程建设,建筑工程,安徽理工大学研究生公寓4号楼项目工程监理,1100000.0,1008000.0,,,22,2022-11-03,http://jy.ggj.huainan.gov.cn/jyxx/012001/012001012/012001012001/20221103/ab7d4d9c-e5f4-4025-b640-a4e342216e63-1KB.html,公开招标
ah-huainan-abc76acc-b5c8-4ef4-a2de-6d0c085cc4c2,市级,工程建设,市政公用工程,上窑工业集聚区工业污水预处理工程,8000000.0,6858912.97,,,56,2021-09-03,http://jy.ggj.huainan.gov.cn/jyxx/012001/012001012/012001012001/20211026/abc76acc-b5c8-4ef4-a2de-6d0c085cc4c2.html,公开招标
ah-huainan-abdf78f8-03e4-4764-88a4-2a2555bb707e-1KB,,工程建设,智能化专业工程,北京师范大学淮南实验学校项目北区智能化工程施工,20648514.99,17551237.74,,,45,2023-02-07,http://jy.ggj.huainan.gov.cn/jyxx/012001/012001012/012001012001/20230207/abdf78f8-03e4-4764-88a4-2a2555bb707e-1KB.html,公开招标
ah-huainan-ac1e30d8-ef2b-4f74-917c-c899f7e7dde6-1KB,寿县,工程建设,市政公用工程,紫金路污水改造工程,9286320.38,8190534.58,-8.8,-12.0,35,2022-10-14,http://jy.ggj.huainan.gov.cn/jyxx/012001/012001012/012001012002/20221014/ac1e30d8-ef2b-4f74-917c-c899f7e7dde6-1KB.html,公开招标
ah-huainan-afadb2f2-d6d2-48b4-aa8b-0b30bb9871d7,寿县,工程建设,市政公用工程,寿县陶店回族乡通组通户道路项目,8389147.74,7241512.31,5.0,9.0,538,2021-09-29,http://jy.ggj.huainan.gov.cn/jyxx/012001/012001012/012001012002/20211105/afadb2f2-d6d2-48b4-aa8b-0b30bb9871d7.html,公开招标
ah-huainan-afb45983-6bf1-4a4d-8166-e37bd4f5caf4-1KB,,工程建设,建筑工程,潘集区2023年第一批中央财政衔接推进乡村振兴补助资金项目-高皇镇产业园建设项目,5990015.97,5057823.4,0.0,,156,2023-07-11,http://jy.ggj.huainan.gov.cn/jyxx/012001/012001012/012001012001/20230711/afb45983-6bf1-4a4d-8166-e37bd4f5caf4-1KB.html,
ah-huainan-b1f04b83-f8b8-40dc-b2a7-bf94b8e07f7b,寿县,工程建设,建筑工程,寿县迎河镇多村（街）联建产业振兴基地工程,5344218.27,4575719.69,0.4,0.9,388,2021-10-13,http://jy.ggj.huainan.gov.cn/jyxx/012001/012001012/012001012002/20211108/b1f04b83-f8b8-40dc-b2a7-bf94b8e07f7b.html,公开招标
ah-huainan-b4b17bb4-a12b-4c83-91e2-e2372a166633-1KB,,工程建设,建筑工程,三觉学校教学楼,8180000.0,7487783.68,0.5,0.95,184,2023-06-27,http://jy.ggj.huainan.gov.cn/jyxx/012001/012001012/012001012002/20230627/b4b17bb4-a12b-4c83-91e2-e2372a166633-1KB.html,
ah-huainan-b5937a7d-0f8e-4d50-b846-32ca0696d62f-1KB,市级,工程建设,建筑工程,淮南市大通工业园区承接长三角一体化产业园项目初步设计,3200000.0,2880000.0,0.0,,8,2023-04-03,http://jy.ggj.huainan.gov.cn/jyxx/012001/012001012/012001012001/20230403/b5937a7d-0f8e-4d50-b846-32ca0696d62f-1KB.html,公开招标
ah-huainan-b72a979f-1759-453b-ba92-a2c9017a2ffe,,工程建设,,寿县寿春镇（宾阳南扩小区、寿滨小区、寿西湖小区等小区）消防维修改造工程,2678025.12,2659889.36,,,3,2021-07-21,http://jy.ggj.huainan.gov.cn/jyxx/012001/012001012/012001012002/20211104/b72a979f-1759-453b-ba92-a2c9017a2ffe.html,邀请招标
ah-huainan-b7da44fa-2082-4558-8adf-56d389b16690,寿县,工程建设,公路工程,寿县三觉镇张墩-石坝桥路改造项目,6375750.82,5606252.27,0.5,0.92,445,2021-09-24,http://jy.ggj.huainan.gov.cn/jyxx/012001/012001012/012001012002/20211111/b7da44fa-2082-4558-8adf-56d389b16690.html,公开招标
ah-huainan-b88f4ba7-c2d2-452d-85d6-b247db171404-1KB,寿县,工程建设,公路工程,寿县双桥镇2023年农村公路提质改造项目,5223013.19,4674363.09,-8.2,-12.8,301,2023-05-25,http://jy.ggj.huainan.gov.cn/jyxx/012001/012001012/012001012002/20230525/b88f4ba7-c2d2-452d-85d6-b247db171404-1KB.html,公开招标
ah-huainan-b9d796e1-5ecd-49d1-8b52-2eb7eb17401a-1KB,市级,工程建设,建筑工程,淮南市烈士陵园二期建设施工项目,8000000.0,6533226.29,0.0,,78,2022-12-26,http://jy.ggj.huainan.gov.cn/jyxx/012001/012001012/012001012001/20221226/b9d796e1-5ecd-49d1-8b52-2eb7eb17401a-1KB.html,公开招标
ah-huainan-ba37d0c3-6d69-4156-ad53-37ba130af809-1KB,寿县,工程建设,建筑工程,2023年教育维修项目第三标段,2085149.26,1942316.54,0.6,0.96,179,2023-06-19,http://jy.ggj.huainan.gov.cn/jyxx/012001/012001012/012001012002/20230619/ba37d0c3-6d69-4156-ad53-37ba130af809-1KB.html,公开招标
ah-huainan-bba755bf-aac9-4f26-8022-4b07fd33fc1d-1KB,,工程建设,建筑工程,保义镇多村联建产业园,16795700.0,15569642.07,0.5,0.96,233,2023-07-05,http://jy.ggj.huainan.gov.cn/jyxx/012001/012001012/012001012002/20230705/bba755bf-aac9-4f26-8022-4b07fd33fc1d-1KB.html,
ah-huainan-bbefbce2-668d-4d4c-a777-ba367f511fe5-1KB,寿县,工程建设,建筑工程,新桥科创产业园（标准化厂房）三期项目工程施工,367918778.29,331130579.67,,,80,2023-06-19,http://jy.ggj.huainan.gov.cn/jyxx/012001/012001012/012001012002/20230619/bbefbce2-668d-4d4c-a777-ba367f511fe5-1KB.html,公开招标
ah-huainan-bc737f7a-bd8b-4851-90df-2a7f5608a2a4-1KB,寿县,工程建设,市政公用工程,寿县县医院南区及配套设施（一标段）建设项目,27586573.96,24688749.2,-8.4,-9.0,54,2022-12-01,http://jy.ggj.huainan.gov.cn/jyxx/012001/012001012/012001012002/20221201/bc737f7a-bd8b-4851-90df-2a7f5608a2a4-1KB.html,公开招标
ah-huainan-bd2fa127-d274-40e7-bf8d-1c138ce93ef2-1KB,寿县,工程建设,,新桥科创产业园（标准化厂房）二期电梯项目,8834450.0,7932200.0,-10.0,-9.8,34,2023-06-07,http://jy.ggj.huainan.gov.cn/jyxx/012001/012001012/012001012002/20230607/bd2fa127-d274-40e7-bf8d-1c138ce93ef2-1KB.html,公开招标
ah-huainan-bfa7f5cf-adf6-4f2e-a388-01490d6a19f8-1KB,寿县,工程建设,建筑工程,双桥镇乡村振兴产业基地（二期）,45342093.64,41168562.5,-10.4,-5.2,92,2023-03-06,http://jy.ggj.huainan.gov.cn/jyxx/012001/012001012/012001012002/20230306/bfa7f5cf-adf6-4f2e-a388-01490d6a19f8-1KB.html,公开招标
ah-huainan-bfc6a575-f8a7-4fa7-a1dc-59cc8f647e5e-1KB,寿县,工程建设,建筑工程,寿县县医院肿瘤中心大楼装饰工程,20069466.51,17496199.66,-14.0,-11.2,91,2022-11-01,http://jy.ggj.huainan.gov.cn/jyxx/012001/012001012/012001012002/20221101/bfc6a575-f8a7-4fa7-a1dc-59cc8f647e5e-1KB.html,公开招标
ah-huainan-c3a0bddb-c87d-49b8-bd07-45d18fa07de8-1KB,市级,工程建设,建筑工程,淮南市西部门户区B-02-04地块设计项目,3900000.0,3510000.0,,,7,2022-12-19,http://jy.ggj.huainan.gov.cn/jyxx/012001/012001012/012001012001/20221219/c3a0bddb-c87d-49b8-bd07-45d18fa07de8-1KB.html,公开招标
ah-huainan-c560d179-9d22-4c17-a486-587dcabb83e0-1KB,,工程建设,建筑工程,寿县民政局寿州社会福利中心消防改造提升项目,4547000.83,4178184.5,0.45,0.96,63,2023-06-29,http://jy.ggj.huainan.gov.cn/jyxx/012001/012001012/012001012002/20230629/c560d179-9d22-4c17-a486-587dcabb83e0-1KB.html,
ah-huainan-c5cd306d-cd0b-4789-85c3-fce453d36983-1KB,寿县,工程建设,公路工程,2023年众兴镇农村公路提质改造工程第一标段,3665524.08,3205354.19,0.45,0.92,141,2023-03-30,http://jy.ggj.huainan.gov.cn/jyxx/012001/012001012/012001012002/20230330/c5cd306d-cd0b-4789-85c3-fce453d36983-1KB.html,公开招标
ah-huainan-c8a0a755-fd7d-456c-8614-b725d1dfc606-1KB,市级,工程建设,建筑工程,北京师范大学淮南实验学校项目南区工程施工,470000000.0,408776523.87,,,32,2023-04-04,http://jy.ggj.huainan.gov.cn/jyxx/012001/012001012/012001012001/20230424/c8a0a755-fd7d-456c-8614-b725d1dfc606-1KB.html,公开招标
ah-huainan-c8b7e006-8aed-4d72-af6e-8fd7b5b0b786,,工程建设,水利水电工程,寿县2021年度高标准农田建设项目（第三批）第20标段,8298499.36,7878595.29,0.3,-2.0,504,2021-09-09,http://jy.ggj.huainan.gov.cn/jyxx/012001/012001012/012001012002/20211102/c8b7e006-8aed-4d72-af6e-8fd7b5b0b786.html,公开招标
ah-huainan-c965e178-6709-49fc-818b-5857aa8ef596-1KB,寿县,工程建设,建筑工程,2023年教育维修项目第二标段,2460691.78,2298532.19,0.6,0.96,179,2023-06-19,http://jy.ggj.huainan.gov.cn/jyxx/012001/012001012/012001012002/20230619/c965e178-6709-49fc-818b-5857aa8ef596-1KB.html,公开招标
ah-huainan-ca3896fc-4e00-4608-8e60-a29dd33c57ba-1KB,,工程建设,水利水电工程,隐贤镇青龙村姚祠村泵站项目,5672298.07,5204787.26,0.2,,180,2023-07-04,http://jy.ggj.huainan.gov.cn/jyxx/012001/012001012/012001012002/20230704/ca3896fc-4e00-4608-8e60-a29dd33c57ba-1KB.html,
ah-huainan-caae36cd-0c5c-44f3-bfd2-86680e34867f-1KB,,工程建设,建筑工程,凤台县2023年义务教育薄弱环节改善与能力提升项目,7040000.0,6151293.26,,,1130,2023-07-04,http://jy.ggj.huainan.gov.cn/jyxx/012001/012001012/012001012003/20230704/caae36cd-0c5c-44f3-bfd2-86680e34867f-1KB.html,
ah-huainan-cf0f7f8c-0a06-42f8-9b30-586f5413f64a-1KB,市级,工程建设,建筑工程,淮南港皖江物流综合码头工程（陆域工程—二标段）,18230000.0,16193849.85,0.0,,49,2023-05-04,http://jy.ggj.huainan.gov.cn/jyxx/012001/012001012/012001012001/20230504/cf0f7f8c-0a06-42f8-9b30-586f5413f64a-1KB.html,公开招标
ah-huainan-d188adc5-539a-40de-a4c7-777431dd9933-1KB,寿县,工程建设,公路工程,合周高速公路双门至杨仙、双门至张李连接线工程（双门至杨仙、张李农村公路提升改造工程）第一标段,41444971.06,36669629.7,,,284,2023-02-23,http://jy.ggj.huainan.gov.cn/jyxx/012001/012001012/012001012002/20230223/d188adc5-539a-40de-a4c7-777431dd9933-1KB.html,公开招标
ah-huainan-d21235e8-4caa-49a3-8c7f-d689071f2828-1KB,寿县,工程建设,,安丰镇梧桐新村二期电梯工程,13640000.0,11853100.0,-13.0,-14.6,30,2023-02-10,http://jy.ggj.huainan.gov.cn/jyxx/012001/012001012/012001012002/20230210/d21235e8-4caa-49a3-8c7f-d689071f2828-1KB.html,公开招标
ah-huainan-d273b8da-6fb1-4140-b75f-bb904f60f1d7-1KB,市级,工程建设,水利水电工程,淮南市潘集区泥河流域山水林田湖草生态保护修复工程（漫水桥段）,21270000.0,20966124.0,0.5,,83,2023-01-10,http://jy.ggj.huainan.gov.cn/jyxx/012001/012001012/012001012001/20230110/d273b8da-6fb1-4140-b75f-bb904f60f1d7-1KB.html,公开招标
ah-huainan-d2f12509-b3a4-4971-96b9-f130fbc55ad4-1KB,寿县,工程建设,市政公用工程,寿县窑口镇康园小区外市政工程项目,4790226.95,4436708.21,0.4,0.98,145,2022-10-08,http://jy.ggj.huainan.gov.cn/jyxx/012001/012001012/012001012002/20221008/d2f12509-b3a4-4971-96b9-f130fbc55ad4-1KB.html,公开招标
ah-huainan-d4d366ba-abc7-4820-9a03-e930277bb3e5-1KB,市级,工程建设,建筑工程,淮南市精神卫生社会福利中心建设项目,49700000.0,44804560.62,0.0,,62,2022-12-08,http://jy.ggj.huainan.gov.cn/jyxx/012001/012001012/012001012001/20221208/d4d366ba-abc7-4820-9a03-e930277bb3e5-1KB.html,公开招标
ah-huainan-d58defee-c935-4b2b-be6b-124c3233f291-1KB,寿县,工程建设,建筑工程,寿县城乡公交一体化改造工程项目前期服务总承包第二标段,2000000.0,1795000.0,,,5,2022-10-31,http://jy.ggj.huainan.gov.cn/jyxx/012001/012001012/012001012002/20221031/d58defee-c935-4b2b-be6b-124c3233f291-1KB.html,公开招标
ah-huainan-d5c8b9d7-0d00-40c2-a7fd-e4b8906d92db-1KB,,工程建设,工程设计类,淮南经济开发区东部路网（一期）工程项目勘察设计,6000000.0,5105000.0,,,13,2023-01-09,http://jy.ggj.huainan.gov.cn/jyxx/012001/012001012/012001012001/20230109/d5c8b9d7-0d00-40c2-a7fd-e4b8906d92db-1KB.html,公开招标
ah-huainan-d63b70ae-b3d8-4973-a2a6-1e430c96eb29-1KB,,工程建设,建筑工程,顾桥镇乡村振兴农民返乡园建设项目,5800000.0,5413779.62,0.0,,50,2023-07-12,http://jy.ggj.huainan.gov.cn/jyxx/012001/012001012/012001012003/20230712/d63b70ae-b3d8-4973-a2a6-1e430c96eb29-1KB.html,
ah-huainan-d65d1868-dd7d-4bbc-b23f-5f4ca03192f2-1KB,市级,工程建设,建筑工程,淮南高新区青桐苑北区、中区、南区及附属配套项目工程总承包（EPC）,1795522687.62,1734950076.92,0.0,,25,2023-05-15,http://jy.ggj.huainan.gov.cn/jyxx/012001/012001012/012001012001/20230515/d65d1868-dd7d-4bbc-b23f-5f4ca03192f2-1KB.html,公开招标
ah-huainan-d6b8ed02-df35-497a-820a-7b0c484cd8c7-1KB,寿县,工程建设,建筑工程,2023年教育维修项目第一标段,2473043.39,2311800.85,0.6,0.96,178,2023-06-19,http://jy.ggj.huainan.gov.cn/jyxx/012001/012001012/012001012002/20230619/d6b8ed02-df35-497a-820a-7b0c484cd8c7-1KB.html,公开招标
ah-huainan-d6c37448-12db-481f-a601-eef27e5878d6-1KB,寿县,工程建设,,中共寿县县委党校维修改建项目（设计）,650000.0,586000.0,,,11,2023-02-21,http://jy.ggj.huainan.gov.cn/jyxx/012001/012001012/012001012002/20230221/d6c37448-12db-481f-a601-eef27e5878d6-1KB.html,公开招标
ah-huainan-da55a295-1ffb-46ad-aeb0-221c4390e0f7-1KB,,工程建设,建筑工程,淮南市谢家集区蔡楚产业园基础设施建设项目设计-采购-施工(EPC)总承包,640000000.0,614336000.0,,,17,2022-12-14,http://jy.ggj.huainan.gov.cn/jyxx/012001/012001012/012001012001/20221214/da55a295-1ffb-46ad-aeb0-221c4390e0f7-1KB.html,公开招标
ah-huainan-dd148ba8-6f0a-4546-b8f7-8eb4f8aa9bae-1KB,寿县,工程建设,建筑工程,安徽新桥商业综合体项目（暂定名）前期服务总承包项目,4500000.0,3820000.0,,,13,2023-04-18,http://jy.ggj.huainan.gov.cn/jyxx/012001/012001012/012001012002/20230418/dd148ba8-6f0a-4546-b8f7-8eb4f8aa9bae-1KB.html,公开招标
ah-huainan-de7147b9-6711-43dc-9f3a-5dd3567174bc-1KB,寿县,工程建设,建筑工程,淮南市寿县古城紫城街改造项目,3761769.13,3262206.2,0.45,0.95,153,2023-01-03,http://jy.ggj.huainan.gov.cn/jyxx/012001/012001012/012001012002/20230103/de7147b9-6711-43dc-9f3a-5dd3567174bc-1KB.html,公开招标
ah-huainan-e066aed3-f301-42be-88ad-a6d96d8b085f,寿县,工程建设,水利水电工程,寿县2021年度高标准农田建设项目（第三批）第23标段,8298499.36,7878595.29,0.3,-2.0,504,2021-09-09,http://jy.ggj.huainan.gov.cn/jyxx/012001/012001012/012001012002/20211102/e066aed3-f301-42be-88ad-a6d96d8b085f.html,公开招标
ah-huainan-e1637c92-c359-4330-a70b-4e5a62b261ea-1KB,寿县,工程建设,建筑工程,丰庄镇多村联建工厂生态化甲鱼养殖基地建设工程,6748419.73,6251398.62,0.45,0.97,179,2023-05-18,http://jy.ggj.huainan.gov.cn/jyxx/012001/012001012/012001012002/20230518/e1637c92-c359-4330-a70b-4e5a62b261ea-1KB.html,公开招标
ah-huainan-e16f7d15-490e-4098-b14b-f3e1d997fb6f-1KB,,工程建设,建筑工程,隐贤中学教师周转宿舍和马集学校教师周转宿舍第二标段,2519992.25,2337292.81,0.5,0.96,181,2023-06-27,http://jy.ggj.huainan.gov.cn/jyxx/012001/012001012/012001012002/20230627/e16f7d15-490e-4098-b14b-f3e1d997fb6f-1KB.html,
ah-huainan-e2eb7a6f-abce-4428-bb65-ab3675c8f3dc-1KB,寿县,工程建设,建筑工程,寿县炎刘镇中心卫生院手术室及ICU装饰装修工程项目,2650399.72,2555016.25,0.4,0.96,110,2022-12-30,http://jy.ggj.huainan.gov.cn/jyxx/012001/012001012/012001012002/20221230/e2eb7a6f-abce-4428-bb65-ab3675c8f3dc-1KB.html,公开招标
ah-huainan-e3fa9662-8d69-410a-bbb6-e6d061883e47-1KB,寿县,工程建设,水利水电工程,寿县县域区域规模化供水（城乡供水一体化）工程初步设计,22060000.0,21830000.0,0.0,,9,2023-03-09,http://jy.ggj.huainan.gov.cn/jyxx/012001/012001012/012001012002/20230309/e3fa9662-8d69-410a-bbb6-e6d061883e47-1KB.html,公开招标
ah-huainan-e5ea1228-f9b4-4e54-9e05-43fbee6f2ed9-1KB,寿县,工程建设,,寿县2023年高标准农田建设初步设计项目第二标段,1.1,1.05,,,19,2022-12-19,http://jy.ggj.huainan.gov.cn/jyxx/012001/012001012/012001012002/20221219/e5ea1228-f9b4-4e54-9e05-43fbee6f2ed9-1KB.html,公开招标
ah-huainan-e718fbb2-d467-4af9-8611-d4fce104b1bb-1KB,市级,工程建设,建筑工程,淮南市洞山宾馆改扩建项目（三期）,26000000.0,22647995.27,0.0,,56,2023-05-18,http://jy.ggj.huainan.gov.cn/jyxx/012001/012001012/012001012001/20230518/e718fbb2-d467-4af9-8611-d4fce104b1bb-1KB.html,公开招标
ah-huainan-e797236d-bf14-41fa-8f81-e4e8f2f5e914,寿县,工程建设,,寿县方圩家园小区三网、智能化工程,1386072.33,1279280.8,-6.6,-7.8,49,2021-09-27,http://jy.ggj.huainan.gov.cn/jyxx/012001/012001012/012001012002/20210927/e797236d-bf14-41fa-8f81-e4e8f2f5e914.html,公开招标
ah-huainan-eb0b6984-238a-40f4-82e8-0efac7b62529,寿县,工程建设,建筑工程,寿县双庙集镇扶贫车间（小微园）建设项目,6850501.63,5853306.63,4.5,9.0,432,2021-09-23,http://jy.ggj.huainan.gov.cn/jyxx/012001/012001012/012001012002/20211104/eb0b6984-238a-40f4-82e8-0efac7b62529.html,公开招标
ah-huainan-ef796261-d716-4fa2-a889-1534937e3dea-1KB,市级,工程建设,市政公用工程,八公山体育公园项目,4904000.0,4168397.87,,,156,2023-06-13,http://jy.ggj.huainan.gov.cn/jyxx/012001/012001012/012001012001/20230613/ef796261-d716-4fa2-a889-1534937e3dea-1KB.html,公开招标
ah-huainan-ef94c461-1c6b-4f56-ae4e-95212ee9d9c0-1KB,寿县,工程建设,建筑工程,小甸镇（邵店）乡村振兴产业基地项目,9348136.8,8488108.21,0.45,0.95,184,2023-03-20,http://jy.ggj.huainan.gov.cn/jyxx/012001/012001012/012001012002/20230320/ef94c461-1c6b-4f56-ae4e-95212ee9d9c0-1KB.html,公开招标
ah-huainan-f231956d-3cbf-4661-ad13-2f96c458eefc-1KB,,工程建设,建筑工程,淮南市潘集区建筑制造产业园及淮南潘集经济开发区（北区）基础设施提升工程EPC总承包项目,391838700.0,380368539.0,,,15,2022-12-19,http://jy.ggj.huainan.gov.cn/jyxx/012001/012001012/012001012001/20221219/f231956d-3cbf-4661-ad13-2f96c458eefc-1KB.html,公开招标
ah-huainan-f2b8426d-3028-4278-b395-2c4f9822049a-1KB,市级,工程建设,设计-采购-施工,淮南市大通区朱家大山综合治理项目设计-采购-施工(EPC)总承包,155589500.0,134118149.0,,,27,2022-12-01,http://jy.ggj.huainan.gov.cn/jyxx/012001/012001012/012001012001/20221201/f2b8426d-3028-4278-b395-2c4f9822049a-1KB.html,公开招标
ah-huainan-f432d3b4-133e-44f2-b339-9ce82ced0689-1KB,,工程建设,建筑工程,瓦埠镇铁佛村标准化厂房建设,10045411.63,9265887.7,0.6,0.95,180,2023-06-28,http://jy.ggj.huainan.gov.cn/jyxx/012001/012001012/012001012002/20230628/f432d3b4-133e-44f2-b339-9ce82ced0689-1KB.html,
ah-huainan-f507b2fa-cf87-4722-b2de-8f56347ad491-1KB,,工程建设,建筑工程,毛集实验区焦岗湖冰雪农旅综合体（万年冰窟）主体工程项目总承包（EPC）,34813500.0,34464900.0,0.0,,19,2023-03-15,http://jy.ggj.huainan.gov.cn/jyxx/012001/012001012/012001012001/20230315/f507b2fa-cf87-4722-b2de-8f56347ad491-1KB.html,公开招标
ah-huainan-f76019f6-ec98-4a93-9f23-477c075d5f69,寿县,工程建设,建筑工程,寿县茶庵镇多村联建产业基地项目,4908301.56,4230955.94,0.45,0.9,262,2021-09-15,http://jy.ggj.huainan.gov.cn/jyxx/012001/012001012/012001012002/20211104/f76019f6-ec98-4a93-9f23-477c075d5f69.html,公开招标
ah-huainan-f770b371-5886-4960-b0d7-2c8df2edb896-1KB,,工程建设,建筑工程,枸杞初中、迎河小学教育强国推进工程第一标段,2100000.0,1905073.65,0.45,0.94,183,2023-06-27,http://jy.ggj.huainan.gov.cn/jyxx/012001/012001012/012001012002/20230627/f770b371-5886-4960-b0d7-2c8df2edb896-1KB.html,
ah-huainan-f7d65389-e3e9-4b5f-a366-be866d45b4fb-1KB,寿县,工程建设,公路工程,陶店回族乡农村公路提质改造等建设项目第三标段,933872.27,815229.73,-15.0,-10.4,266,2023-04-20,http://jy.ggj.huainan.gov.cn/jyxx/012001/012001012/012001012002/20230420/f7d65389-e3e9-4b5f-a366-be866d45b4fb-1KB.html,公开招标
ah-huainan-f7ffb563-9f3a-4191-b0bd-030f67e23c60-1KB,寿县,工程建设,建筑工程,众兴、隐贤、安丰、保义、堰口、陶店、窑口、寿春、八公等9乡镇2023年校舍维修改造项目第二标段,3602285.12,3286238.49,0.55,0.97,178,2023-06-15,http://jy.ggj.huainan.gov.cn/jyxx/012001/012001012/012001012002/20230615/f7ffb563-9f3a-4191-b0bd-030f67e23c60-1KB.html,公开招标
ah-huainan-f8a0ec55-4e44-4641-9de6-70df90a10896-1KB,寿县,工程建设,建筑工程,寿县鹏源科技项目工程施工,74832763.13,67349486.82,,,33,2023-05-25,http://jy.ggj.huainan.gov.cn/jyxx/012001/012001012/012001012002/20230525/f8a0ec55-4e44-4641-9de6-70df90a10896-1KB.html,公开招标
ah-huainan-f92bc734-3aa4-4089-a632-d6b4b4e6b418-1KB,寿县,工程建设,公路工程,寿县2023年农村公路养护工程项目第三标段,6528848.61,6022079.38,0.6,0.96,148,2023-03-28,http://jy.ggj.huainan.gov.cn/jyxx/012001/012001012/012001012002/20230328/f92bc734-3aa4-4089-a632-d6b4b4e6b418-1KB.html,公开招标
ah-huainan-fadef9f3-7724-45ba-820b-8b39542b2f77-1KB,市级,工程建设,建筑工程,淮南市奥林匹克公园主体育场提升工程施工,50000000.0,40944431.21,,,34,2022-11-01,http://jy.ggj.huainan.gov.cn/jyxx/012001/012001012/012001012001/20221101/fadef9f3-7724-45ba-820b-8b39542b2f77-1KB.html,公开招标
ah-huainan-fb82f37f-77cf-4a7f-ab89-ef7a1eb0de35-1KB,,工程建设,建筑工程,平圩镇标准化厂房项目,7370300.0,6437774.2,,,147,2023-07-11,http://jy.ggj.huainan.gov.cn/jyxx/012001/012001012/012001012001/20230711/fb82f37f-77cf-4a7f-ab89-ef7a1eb0de35-1KB.html,
ah-huainan-fba515b7-ec76-4ccf-aff3-26a0710c170e,寿县,工程建设,建筑工程,寿县大顺镇多村（街）联建家禽养殖基地项目,5466874.67,5126288.38,0.45,0.98,385,2021-09-27,http://jy.ggj.huainan.gov.cn/jyxx/012001/012001012/012001012002/20211104/fba515b7-ec76-4ccf-aff3-26a0710c170e.html,公开招标
ah-huainan-fc1651ae-2fee-4fae-a3df-889696162ec4-1KB,,工程建设,建筑工程,2022年度美丽乡村省级中心村杨公镇汤王中心村建设及周边行政村土地大托管项目,4500000.0,4410000.0,,,7,2022-12-27,http://jy.ggj.huainan.gov.cn/jyxx/012001/012001012/012001012001/20221227/fc1651ae-2fee-4fae-a3df-889696162ec4-1KB.html,公开招标
ah-huainan-fcf6e661-8eb7-499d-b59a-ca16deca3f5c-1KB,寿县,工程建设,公路工程,寿县2023年农村公路养护工程项目第二标段,8391697.42,7773564.99,0.6,0.96,147,2023-03-28,http://jy.ggj.huainan.gov.cn/jyxx/012001/012001012/012001012002/20230328/fcf6e661-8eb7-499d-b59a-ca16deca3f5c-1KB.html,公开招标
