"id","source_website_address","city","zbkzj","kbjj","k1","k2"
"ah-huainan-00ee95ae-0e87-4c88-8536-bd69a6fef380-1KB","http://jy.ggj.huainan.gov.cn/jyxx/012001/012001012/012001012002/20230625/00ee95ae-0e87-4c88-8536-bd69a6fef380-1KB.html","淮南市",,,"0.45","0.98"
"ah-huainan-015f99a5-d169-4029-bf02-0fa2717d9ad4-1KB","http://jy.ggj.huainan.gov.cn/jyxx/012001/012001012/012001012001/20230404/015f99a5-d169-4029-bf02-0fa2717d9ad4-1KB.html","淮南市",,"2209000.00","0",
"ah-huainan-016d233d-3d1e-4ef3-adad-2d5e59f0efe5-1KB","http://jy.ggj.huainan.gov.cn/jyxx/012001/012001012/012001012001/20230517/016d233d-3d1e-4ef3-adad-2d5e59f0efe5-1KB.html","淮南市",,"44217755.88","0",
"ah-huainan-01c8eaaa-7d0b-4610-8a09-5b65b7c29469-1KB","http://jy.ggj.huainan.gov.cn/jyxx/012001/012001012/012001012001/20230129/01c8eaaa-7d0b-4610-8a09-5b65b7c29469-1KB.html","淮南市",,"13180000.00","0",
"ah-huainan-01ca01ac-ba2b-4de1-9306-b66c0a223752-1KB","http://jy.ggj.huainan.gov.cn/jyxx/012001/012001012/012001012001/20230222/01ca01ac-ba2b-4de1-9306-b66c0a223752-1KB.html","淮南市","5198308.80","4834427.18",,
"ah-huainan-03a5cfd9-a8a1-44cb-9c07-e15448d55031-1KB","http://jy.ggj.huainan.gov.cn/jyxx/012001/012001012/012001012001/20230308/03a5cfd9-a8a1-44cb-9c07-e15448d55031-1KB.html","淮南市",,"9685791.71","0",
"ah-huainan-0401977c-c14a-4b34-9d92-8b60ca0d35de-1KB","http://jy.ggj.huainan.gov.cn/jyxx/012001/012001012/012001012001/20230419/0401977c-c14a-4b34-9d92-8b60ca0d35de-1KB.html","淮南市","97500000.0","83","0",
"ah-huainan-0475afc0-0b3d-45cb-91be-634a70db1750-1KB","http://jy.ggj.huainan.gov.cn/jyxx/012001/012001012/012001012002/20230626/0475afc0-0b3d-45cb-91be-634a70db1750-1KB.html","淮南市",,,"0.45","0.95"
"ah-huainan-054724c2-af66-4a94-983b-ee0224c61d92-1KB","http://jy.ggj.huainan.gov.cn/jyxx/012001/012001012/012001012002/20230328/054724c2-af66-4a94-983b-ee0224c61d92-1KB.html","淮南市","5728467.9","5289094.41","0.6","0.96"
"ah-huainan-05f1af83-b585-4628-8c02-597add4007e0-1KB","http://jy.ggj.huainan.gov.cn/jyxx/012001/012001012/012001012001/20230413/05f1af83-b585-4628-8c02-597add4007e0-1KB.html","淮南市",,"35212608.11","0",
"ah-huainan-06672b9e-fe89-41cc-a71e-f46b96ad61ff-1KB","http://jy.ggj.huainan.gov.cn/jyxx/012001/012001012/012001012002/20230223/06672b9e-fe89-41cc-a71e-f46b96ad61ff-1KB.html","淮南市","41444971.06","46765902.93",,
"ah-huainan-07f4d33e-af07-4c55-b0ba-7b1b10b9abba-1KB","http://jy.ggj.huainan.gov.cn/jyxx/012001/012001012/012001012002/20230529/07f4d33e-af07-4c55-b0ba-7b1b10b9abba-1KB.html","淮南市","5118706.68","4655486.88","0.1",
"ah-huainan-09357698-b669-4a87-a7d5-c76e144ee0d7","http://jy.ggj.huainan.gov.cn/jyxx/012001/012001012/012001012001/20220905/09357698-b669-4a87-a7d5-c76e144ee0d7.html","淮南市",,,"0",
"ah-huainan-09c1364c-5105-4e70-bc0d-20c8f521b971-1KB","http://jy.ggj.huainan.gov.cn/jyxx/012001/012001012/012001012001/20221222/09c1364c-5105-4e70-bc0d-20c8f521b971-1KB.html","淮南市",,"14550000",,
"ah-huainan-0a207404-ef4b-4fd4-98c3-2c15327685fb-1KB","http://jy.ggj.huainan.gov.cn/jyxx/012001/012001012/012001012002/20230524/0a207404-ef4b-4fd4-98c3-2c15327685fb-1KB.html","淮南市","27726640.26","23567644.22",,
"ah-huainan-0a2162b6-28cc-4608-8a7e-fd2e19c762b2-1KB","http://jy.ggj.huainan.gov.cn/jyxx/012001/012001012/012001012001/20221206/0a2162b6-28cc-4608-8a7e-fd2e19c762b2-1KB.html","淮南市",,"2337000.00","0",
"ah-huainan-0a3a0d87-ec29-46e9-9893-3586b3a06faf-1KB","http://jy.ggj.huainan.gov.cn/jyxx/012001/012001012/012001012001/20230322/0a3a0d87-ec29-46e9-9893-3586b3a06faf-1KB.html","淮南市","100000000.0","88648000.00","0",
"ah-huainan-0a5473bd-a81d-44c6-b50a-4ab3d7b331e1-1KB","http://jy.ggj.huainan.gov.cn/jyxx/012001/012001012/012001012002/20230330/0a5473bd-a81d-44c6-b50a-4ab3d7b331e1-1KB.html","淮南市","3665524.08","2194856.41","0.45","0.92"
"ah-huainan-0ad68f1d-523b-4693-a8b8-ecfe235f3cb1-1KB","http://jy.ggj.huainan.gov.cn/jyxx/012001/012001012/012001012002/20230516/0ad68f1d-523b-4693-a8b8-ecfe235f3cb1-1KB.html","淮南市",,"836000.00",,
"ah-huainan-0adb771b-95fb-4bc6-a8c5-65582ac717b8-1KB","http://jy.ggj.huainan.gov.cn/jyxx/012001/012001012/012001012002/20230331/0adb771b-95fb-4bc6-a8c5-65582ac717b8-1KB.html","淮南市","4152156.44","3630894.72","0.4","0.92"
"ah-huainan-0af4d2d7-c8d7-42c0-bdf2-f93e36a34820-1KB","http://jy.ggj.huainan.gov.cn/jyxx/012001/012001012/012001012001/20230625/0af4d2d7-c8d7-42c0-bdf2-f93e36a34820-1KB.html","淮南市",,,"0",
"ah-huainan-0b295c7c-dbf5-404b-90d4-569708517d6c-1KB","http://jy.ggj.huainan.gov.cn/jyxx/012001/012001012/012001012001/20230607/0b295c7c-dbf5-404b-90d4-569708517d6c-1KB.html","淮南市",,"3008000.00","0",
"ah-huainan-0b80e0d5-06c5-4f16-a6df-2d97c86e7e31","http://jy.ggj.huainan.gov.cn/jyxx/012001/012001012/012001012001/20211103/0b80e0d5-06c5-4f16-a6df-2d97c86e7e31.html","淮南市","18000000.0","15354225.99",,
"ah-huainan-0b9bf07f-cb30-4ffa-bb46-c4ac7d244067-1KB","http://jy.ggj.huainan.gov.cn/jyxx/012001/012001012/012001012003/20230616/0b9bf07f-cb30-4ffa-bb46-c4ac7d244067-1KB.html","淮南市",,,,
"ah-huainan-0bfb7fd8-bfe7-44ad-86bf-a7c43595eacb-1KB","http://jy.ggj.huainan.gov.cn/jyxx/012001/012001012/012001012001/20230529/0bfb7fd8-bfe7-44ad-86bf-a7c43595eacb-1KB.html","淮南市",,"1200000.00","0",
"ah-huainan-0c699c5d-91c6-482f-88e2-fb19a9b85f80-1KB","http://jy.ggj.huainan.gov.cn/jyxx/012001/012001012/012001012002/20230309/0c699c5d-91c6-482f-88e2-fb19a9b85f80-1KB.html","淮南市","860000","600000",,
"ah-huainan-0db33b10-acc5-4864-a346-fc1681a76826-1KB","http://jy.ggj.huainan.gov.cn/jyxx/012001/012001012/012001012002/20221208/0db33b10-acc5-4864-a346-fc1681a76826-1KB.html","淮南市","12342284.40","11322811.71","0.5","0.96"
"ah-huainan-0f53a9ea-3bd1-4c04-ace0-28c6a1aa85e2-1KB","http://jy.ggj.huainan.gov.cn/jyxx/012001/012001012/012001012001/20221229/0f53a9ea-3bd1-4c04-ace0-28c6a1aa85e2-1KB.html","淮南市",,"18459347.29","0",
"ah-huainan-108e768d-ba9e-47ee-9af3-8ed5ff9b6821-1KB","http://jy.ggj.huainan.gov.cn/jyxx/012001/012001012/012001012002/20230505/108e768d-ba9e-47ee-9af3-8ed5ff9b6821-1KB.html","淮南市","16990192.15","15430492.51","0.55","-9.4"
"ah-huainan-11133c70-93ab-4dc9-a0e3-959c1ea5acbf-1KB","http://jy.ggj.huainan.gov.cn/jyxx/012001/012001012/012001012001/20221103/11133c70-93ab-4dc9-a0e3-959c1ea5acbf-1KB.html","淮南市","143465000.0","135144423.28",,
"ah-huainan-11194508-cd43-4cab-8e2a-295625028147-1KB","http://jy.ggj.huainan.gov.cn/jyxx/012001/012001012/012001012001/20221110/11194508-cd43-4cab-8e2a-295625028147-1KB.html","淮南市","4600000.0","3398569.71","0",
"ah-huainan-112a85b0-44d8-4fd2-9f91-aa21bb234692","http://jy.ggj.huainan.gov.cn/jyxx/012001/012001012/012001012001/20210624/112a85b0-44d8-4fd2-9f91-aa21bb234692.html","淮南市",,,,
"ah-huainan-11461950-e1ff-4532-b0f2-5a95e5f3fbec-1KB","http://jy.ggj.huainan.gov.cn/jyxx/012001/012001012/012001012002/20221031/11461950-e1ff-4532-b0f2-5a95e5f3fbec-1KB.html","淮南市","4000000.0","3720000",,
"ah-huainan-11931e0e-7ca8-4da1-8134-ab2b3233e30c-1KB","http://jy.ggj.huainan.gov.cn/jyxx/012001/012001012/012001012001/20230228/11931e0e-7ca8-4da1-8134-ab2b3233e30c-1KB.html","淮南市",,"2745735.49",,
"ah-huainan-124ceb33-21af-41a5-b876-fc94debf5a41-1KB","http://jy.ggj.huainan.gov.cn/jyxx/012001/012001012/012001012001/20221114/124ceb33-21af-41a5-b876-fc94debf5a41-1KB.html","淮南市","31000000.0","21518296.37","0",
"ah-huainan-128986e7-17dc-481d-abc1-abae155bfa52-1KB","http://jy.ggj.huainan.gov.cn/jyxx/012001/012001012/012001012003/20221207/128986e7-17dc-481d-abc1-abae155bfa52-1KB.html","淮南市",,"868000","100",
"ah-huainan-129d3cb6-93fa-4e2e-8e57-b59f246b8233-1KB","http://jy.ggj.huainan.gov.cn/jyxx/012001/012001012/012001012001/20230529/129d3cb6-93fa-4e2e-8e57-b59f246b8233-1KB.html","淮南市","300000000.0","264675766.73","0",
"ah-huainan-13026176-0062-411e-9602-9b71394cf4fa-1KB","http://jy.ggj.huainan.gov.cn/jyxx/012001/012001012/012001012003/20221108/13026176-0062-411e-9602-9b71394cf4fa-1KB.html","淮南市",,"1080000","100",
"ah-huainan-13307527-12ef-43f6-914f-b7960419f718-1KB","http://jy.ggj.huainan.gov.cn/jyxx/012001/012001012/012001012001/20230612/13307527-12ef-43f6-914f-b7960419f718-1KB.html","淮南市","3680000.0","1779471.12","0.3",
"ah-huainan-13640613-2ffc-42fe-b2c1-37d2fabe03f1-1KB","http://jy.ggj.huainan.gov.cn/jyxx/012001/012001012/012001012001/20230223/13640613-2ffc-42fe-b2c1-37d2fabe03f1-1KB.html","淮南市","6300000.0","5615941.95","0",
"ah-huainan-13dac4ad-1e01-4a27-9ca2-baeeabee606e-1KB","http://jy.ggj.huainan.gov.cn/jyxx/012001/012001012/012001012001/20230209/13dac4ad-1e01-4a27-9ca2-baeeabee606e-1KB.html","淮南市","15050000.0","11182345.15",,
"ah-huainan-13eeb8a4-e2f3-479c-acbc-576b27c25027-1KB","http://jy.ggj.huainan.gov.cn/jyxx/012001/012001012/012001012003/20230118/13eeb8a4-e2f3-479c-acbc-576b27c25027-1KB.html","淮南市","12860000.0","4973381.16","0",
"ah-huainan-165ce92a-0e90-42e2-a9a4-cc6cf381adef","http://jy.ggj.huainan.gov.cn/jyxx/012001/012001012/012001012003/20220512/165ce92a-0e90-42e2-a9a4-cc6cf381adef.html","淮南市",,,,
"ah-huainan-17d3a302-e515-4f25-bd05-bf99ef6212e1","http://jy.ggj.huainan.gov.cn/jyxx/012001/012001012/012001012001/20211103/17d3a302-e515-4f25-bd05-bf99ef6212e1.html","淮南市","9040000.0","7680738.03","0",
"ah-huainan-17f266f6-0c80-46ef-a152-96230829432f-1KB","http://jy.ggj.huainan.gov.cn/jyxx/012001/012001012/012001012001/20230201/17f266f6-0c80-46ef-a152-96230829432f-1KB.html","淮南市",,"1987762.57",,
"ah-huainan-185467e0-69f4-4ef1-93df-ae24dd55a693-1KB","http://jy.ggj.huainan.gov.cn/jyxx/012001/012001012/012001012001/20230614/185467e0-69f4-4ef1-93df-ae24dd55a693-1KB.html","淮南市",,"1959716.85","0",
"ah-huainan-18a40198-7742-4d3d-b3f1-aa033a4382a2-1KB","http://jy.ggj.huainan.gov.cn/jyxx/012001/012001012/012001012002/20230104/18a40198-7742-4d3d-b3f1-aa033a4382a2-1KB.html","淮南市","2200000","1766800",,
"ah-huainan-18b32312-1ed4-4b7f-87b9-38284e00ac18-1KB","http://jy.ggj.huainan.gov.cn/jyxx/012001/012001012/012001012002/20230525/18b32312-1ed4-4b7f-87b9-38284e00ac18-1KB.html","淮南市","7002818.85","6126853.75",,
"ah-huainan-18b7d920-6cfb-4313-b0ee-d915c12e14f8","http://jy.ggj.huainan.gov.cn/jyxx/012001/012001012/012001012001/20210907/18b7d920-6cfb-4313-b0ee-d915c12e14f8.html","淮南市","11980500.0","9913028.02",,
"ah-huainan-196353c7-92eb-4723-b0fd-ce0c6d8b7f60-1KB","http://jy.ggj.huainan.gov.cn/jyxx/012001/012001012/012001012001/20230517/196353c7-92eb-4723-b0fd-ce0c6d8b7f60-1KB.html","淮南市","367497192.35999995","330747473.12","0",
"ah-huainan-1971435b-eb1f-4037-8c63-7f897148cb7d-1KB","http://jy.ggj.huainan.gov.cn/jyxx/012001/012001012/012001012001/20230626/1971435b-eb1f-4037-8c63-7f897148cb7d-1KB.html","淮南市",,,,
"ah-huainan-1a947afd-9f6b-4825-968c-5a9a4d798814-1KB","http://jy.ggj.huainan.gov.cn/jyxx/012001/012001012/012001012002/20221111/1a947afd-9f6b-4825-968c-5a9a4d798814-1KB.html","淮南市","200043878.35","102225240.13",,
"ah-huainan-1acab336-8649-49ea-b732-d1f904917941-1KB","http://jy.ggj.huainan.gov.cn/jyxx/012001/012001012/012001012001/20230322/1acab336-8649-49ea-b732-d1f904917941-1KB.html","淮南市",,"2112000.00","0",
"ah-huainan-1b6222a9-4f98-484e-8fd5-edccb86b3d0a-1KB","http://jy.ggj.huainan.gov.cn/jyxx/012001/012001012/012001012002/20230606/1b6222a9-4f98-484e-8fd5-edccb86b3d0a-1KB.html","淮南市","2346938.71","2942926.71","0.2",
"ah-huainan-1c9c5b1f-52c2-49dd-b11b-2cd215efa92e-1KB","http://jy.ggj.huainan.gov.cn/jyxx/012001/012001012/012001012002/20230504/1c9c5b1f-52c2-49dd-b11b-2cd215efa92e-1KB.html","淮南市","4330067.96","4000349.77","0.6","0.96"
"ah-huainan-1ca31d8a-3fe2-4441-aedd-db716e74e615-1KB","http://jy.ggj.huainan.gov.cn/jyxx/012001/012001012/012001012002/20230329/1ca31d8a-3fe2-4441-aedd-db716e74e615-1KB.html","淮南市","426680925.13","385868667.79",,
"ah-huainan-1ce5916d-e94c-4000-bd4e-88535d8326d0","http://jy.ggj.huainan.gov.cn/jyxx/012001/012001012/012001012002/20221011/1ce5916d-e94c-4000-bd4e-88535d8326d0.html","淮南市","3843750.89","3803321.24","0",
"ah-huainan-1dfc4f0d-5eb1-4d93-8fac-076d79eb04a0-1KB","http://jy.ggj.huainan.gov.cn/jyxx/012001/012001012/012001012002/20230331/1dfc4f0d-5eb1-4d93-8fac-076d79eb04a0-1KB.html","淮南市","4152156.44","5001823.93","0.4","0.92"
"ah-huainan-1f51a447-c465-4ca6-8eae-01f82c03937d-1KB","http://jy.ggj.huainan.gov.cn/jyxx/012001/012001012/012001012001/20221219/1f51a447-c465-4ca6-8eae-01f82c03937d-1KB.html","淮南市",,"4764500.00",,
"ah-huainan-2004c6aa-f7bf-462e-9689-f89d1684324e-1KB","http://jy.ggj.huainan.gov.cn/jyxx/012001/012001012/012001012002/20221222/2004c6aa-f7bf-462e-9689-f89d1684324e-1KB.html","淮南市","6461304.38","6367600.00","1",
"ah-huainan-208d5744-b0b8-402c-99e8-306e9136c255","http://jy.ggj.huainan.gov.cn/jyxx/012001/012001012/012001012001/20210825/208d5744-b0b8-402c-99e8-306e9136c255.html","淮南市",,"9966951.41","0.3",
"ah-huainan-21bc9e8c-66a4-422c-9397-80b4e845d9b6-1KB","http://jy.ggj.huainan.gov.cn/jyxx/012001/012001012/012001012001/20230612/21bc9e8c-66a4-422c-9397-80b4e845d9b6-1KB.html","淮南市","13467886.21","12255776.45","0",
"ah-huainan-22f43242-8525-42cf-9c6a-e3ce8b27db4a-1KB","http://jy.ggj.huainan.gov.cn/jyxx/012001/012001012/012001012001/20230322/22f43242-8525-42cf-9c6a-e3ce8b27db4a-1KB.html","淮南市",,"1995624.93","0",
"ah-huainan-23269dac-4509-4c31-94c7-bfc90cb3ab7d-1KB","http://jy.ggj.huainan.gov.cn/jyxx/012001/012001012/012001012002/20221103/23269dac-4509-4c31-94c7-bfc90cb3ab7d-1KB.html","淮南市","8514527.04","7729913.37","0.6","0.94"
"ah-huainan-235c0a8c-26e8-459d-9b97-9464850e1b75-1KB","http://jy.ggj.huainan.gov.cn/jyxx/012001/012001012/012001012003/20230207/235c0a8c-26e8-459d-9b97-9464850e1b75-1KB.html","淮南市",,"6560000","0",
"ah-huainan-23e0ba3c-6c08-4dea-831a-efd63e4709a8-1KB","http://jy.ggj.huainan.gov.cn/jyxx/012001/012001012/012001012003/20230209/23e0ba3c-6c08-4dea-831a-efd63e4709a8-1KB.html","淮南市",,"9000000.00","0",
"ah-huainan-2440d33b-0c99-4758-84ca-e97bbca84ee2-1KB","http://jy.ggj.huainan.gov.cn/jyxx/012001/012001012/012001012001/20230613/2440d33b-0c99-4758-84ca-e97bbca84ee2-1KB.html","淮南市",,"2290779.28","0",
"ah-huainan-2618e2a1-591e-4b1b-a8d8-6b5dae26c108-1KB","http://jy.ggj.huainan.gov.cn/jyxx/012001/012001012/012001012003/20230222/2618e2a1-591e-4b1b-a8d8-6b5dae26c108-1KB.html","淮南市","63000000.0","54902090.57","40",
"ah-huainan-26199afa-af91-4474-b1c5-495400c735c5-1KB","http://jy.ggj.huainan.gov.cn/jyxx/012001/012001012/012001012001/20230411/26199afa-af91-4474-b1c5-495400c735c5-1KB.html","淮南市",,"952924.82","0",
"ah-huainan-2781a7e9-368d-444f-909b-9ec2f817ffe9-1KB","http://jy.ggj.huainan.gov.cn/jyxx/012001/012001012/012001012002/20221129/2781a7e9-368d-444f-909b-9ec2f817ffe9-1KB.html","淮南市","18381258.39","15993657.26","0.55","0.92"
"ah-huainan-28a417c0-e30a-4668-8e54-c13842f23fa9-1KB","http://jy.ggj.huainan.gov.cn/jyxx/012001/012001012/012001012001/20230403/28a417c0-e30a-4668-8e54-c13842f23fa9-1KB.html","淮南市",,"4832974.06","0",
"ah-huainan-29037cc8-d29f-4e6f-b791-2675c818f4fe-1KB","http://jy.ggj.huainan.gov.cn/jyxx/012001/012001012/012001012002/20220929/29037cc8-d29f-4e6f-b791-2675c818f4fe-1KB.html","淮南市","1040","9089600","-9.8","-13.4"
"ah-huainan-29f3fd2b-2a27-4489-bb94-c3948f2bbd89","http://jy.ggj.huainan.gov.cn/jyxx/012001/012001012/012001012002/20211104/29f3fd2b-2a27-4489-bb94-c3948f2bbd89.html","淮南市","11916088.47","10967567.84","0.35","0.98"
"ah-huainan-29fd9800-d38d-464a-9f02-e0e6673288dd","http://jy.ggj.huainan.gov.cn/jyxx/012001/012001012/012001012002/20211104/29fd9800-d38d-464a-9f02-e0e6673288dd.html","淮南市","9086353.56","8068278.53","-8.6","-13.8"
"ah-huainan-2aeaef35-166b-4735-8d0e-a55488b0a8f6-1KB","http://jy.ggj.huainan.gov.cn/jyxx/012001/012001012/012001012002/20230505/2aeaef35-166b-4735-8d0e-a55488b0a8f6-1KB.html","淮南市","873764663.70","786388197.33",,
"ah-huainan-2b1ed342-a961-4fc5-a017-848b0775ac88-1KB","http://jy.ggj.huainan.gov.cn/jyxx/012001/012001012/012001012002/20230526/2b1ed342-a961-4fc5-a017-848b0775ac88-1KB.html","淮南市","910810268.25","819729241.43",,
"ah-huainan-2bbc7ec5-7238-41a5-bef8-2d44c49e96dd-1KB","http://jy.ggj.huainan.gov.cn/jyxx/012001/012001012/012001012001/20230105/2bbc7ec5-7238-41a5-bef8-2d44c49e96dd-1KB.html","淮南市","20000000.0","19503454.00","0",
"ah-huainan-2bc3adab-3974-4305-9864-8a63b91adf8e-1KB","http://jy.ggj.huainan.gov.cn/jyxx/012001/012001012/012001012002/20230526/2bc3adab-3974-4305-9864-8a63b91adf8e-1KB.html","淮南市","106150598.65","95535538.88",,
"ah-huainan-2bd21167-a186-41e9-8585-2a1227470b16-1KB","http://jy.ggj.huainan.gov.cn/jyxx/012001/012001012/012001012001/20221108/2bd21167-a186-41e9-8585-2a1227470b16-1KB.html","淮南市","494130000.0","444717000","0",
"ah-huainan-2c274ece-c450-4e1f-9385-9208788535a4","http://jy.ggj.huainan.gov.cn/jyxx/012001/012001012/012001012001/20221010/2c274ece-c450-4e1f-9385-9208788535a4.html","淮南市",,,,
"ah-huainan-2c7392fe-c68d-4d1b-940b-047d52891b60-1KB","http://jy.ggj.huainan.gov.cn/jyxx/012001/012001012/012001012002/20230526/2c7392fe-c68d-4d1b-940b-047d52891b60-1KB.html","淮南市",,"41590596.6","-8","-13.6"
"ah-huainan-2d4a1826-697d-4a4e-b9b1-8783cfc3d33b-1KB","http://jy.ggj.huainan.gov.cn/jyxx/012001/012001012/012001012001/20230517/2d4a1826-697d-4a4e-b9b1-8783cfc3d33b-1KB.html","淮南市",,"1727200.00","0",
"ah-huainan-2d637d89-e0af-4726-9044-3756d98a7ebf-1KB","http://jy.ggj.huainan.gov.cn/jyxx/012001/012001012/012001012001/20230131/2d637d89-e0af-4726-9044-3756d98a7ebf-1KB.html","淮南市",,"6980000","0",
"ah-huainan-2dbe62f8-9967-44d1-bb3c-646acf40fb08-1KB","http://jy.ggj.huainan.gov.cn/jyxx/012001/012001012/012001012001/20230427/2dbe62f8-9967-44d1-bb3c-646acf40fb08-1KB.html","淮南市","17000000.0","14763547.11","0",
"ah-huainan-2dd360c2-b965-4a11-acc8-49f420ff0353-1KB","http://jy.ggj.huainan.gov.cn/jyxx/012001/012001012/012001012001/20230321/2dd360c2-b965-4a11-acc8-49f420ff0353-1KB.html","淮南市",,"2466420.00","15",
"ah-huainan-2ddcd17f-02d1-4b54-ba50-e8e995d20db9-1KB","http://jy.ggj.huainan.gov.cn/jyxx/012001/012001012/012001012002/20230220/2ddcd17f-02d1-4b54-ba50-e8e995d20db9-1KB.html","淮南市","1","3249208.25","0.1","-2"
"ah-huainan-2ec0055f-08ff-42b6-9a39-40ff17ba91d8-1KB","http://jy.ggj.huainan.gov.cn/jyxx/012001/012001012/012001012001/20221107/2ec0055f-08ff-42b6-9a39-40ff17ba91d8-1KB.html","淮南市","12000000.0","10704513.30","0",
"ah-huainan-3068def8-7b0c-429c-82d1-157767001433-1KB","http://jy.ggj.huainan.gov.cn/jyxx/012001/012001012/012001012002/20230209/3068def8-7b0c-429c-82d1-157767001433-1KB.html","淮南市","15000.0","1.1",,
"ah-huainan-318abb85-01be-4fda-8df2-6ce6df00878a-1KB","http://jy.ggj.huainan.gov.cn/jyxx/012001/012001012/012001012003/20230614/318abb85-01be-4fda-8df2-6ce6df00878a-1KB.html","淮南市",,,"0",
"ah-huainan-333a47bf-4e03-4dd4-acdd-80284cdfd8ab","http://jy.ggj.huainan.gov.cn/jyxx/012001/012001012/012001012002/20211210/333a47bf-4e03-4dd4-acdd-80284cdfd8ab.html","淮南市","1279138.11","1229800.66",,
"ah-huainan-33b67741-1bdd-4e1f-ba52-889877f11389-1KB","http://jy.ggj.huainan.gov.cn/jyxx/012001/012001012/012001012002/20230117/33b67741-1bdd-4e1f-ba52-889877f11389-1KB.html","淮南市","4832203.41","4210637.09","0.5","0.92"
"ah-huainan-341ef2e5-3ecd-4b70-bec1-e918cf0e8e72-1KB","http://jy.ggj.huainan.gov.cn/jyxx/012001/012001012/012001012003/20230614/341ef2e5-3ecd-4b70-bec1-e918cf0e8e72-1KB.html","淮南市",,,"0",
"ah-huainan-3454fba4-e646-43a9-a2d9-b2cd1ec2bb4f-1KB","http://jy.ggj.huainan.gov.cn/jyxx/012001/012001012/012001012002/20230609/3454fba4-e646-43a9-a2d9-b2cd1ec2bb4f-1KB.html","淮南市","5449815.22","5088492.47","0.4","0.98"
"ah-huainan-34dfc11a-d912-43ec-973e-e8714923fec2-1KB","http://jy.ggj.huainan.gov.cn/jyxx/012001/012001012/012001012002/20230627/34dfc11a-d912-43ec-973e-e8714923fec2-1KB.html","淮南市",,,"0.5","0.96"
"ah-huainan-351bd651-de8f-4698-b22e-81c9ee57b045","http://jy.ggj.huainan.gov.cn/jyxx/012001/012001012/012001012003/20210730/351bd651-de8f-4698-b22e-81c9ee57b045.html","淮南市",,"3150000.00","100",
"ah-huainan-35cf1124-02fd-4921-b897-f8bbf5bd0753","http://jy.ggj.huainan.gov.cn/jyxx/012001/012001012/012001012002/20210907/35cf1124-02fd-4921-b897-f8bbf5bd0753.html","淮南市","3006654.00","3005605.05",,
"ah-huainan-36bd2538-1dcb-4a56-b26c-f7a87d5e587f-1KB","http://jy.ggj.huainan.gov.cn/jyxx/012001/012001012/012001012003/20230509/36bd2538-1dcb-4a56-b26c-f7a87d5e587f-1KB.html","淮南市","1800000.0","1620000.00","0",
"ah-huainan-37e02bf0-e216-4d50-a161-d1e4b61d46e4-1KB","http://jy.ggj.huainan.gov.cn/jyxx/012001/012001012/012001012003/20230420/37e02bf0-e216-4d50-a161-d1e4b61d46e4-1KB.html","淮南市","38000000.0","9146218.19","0",
"ah-huainan-37ecffef-c8e9-42c3-9ab5-c3ecffd33850-1KB","http://jy.ggj.huainan.gov.cn/jyxx/012001/012001012/012001012001/20230627/37ecffef-c8e9-42c3-9ab5-c3ecffd33850-1KB.html","淮南市",,,,
"ah-huainan-39294b59-406e-4fc4-9bca-6b6a6aefb9cd-1KB","http://jy.ggj.huainan.gov.cn/jyxx/012001/012001012/012001012002/20230621/39294b59-406e-4fc4-9bca-6b6a6aefb9cd-1KB.html","淮南市",,,,
"ah-huainan-39d2dfc6-413c-4405-a886-e1809efd0ec0-1KB","http://jy.ggj.huainan.gov.cn/jyxx/012001/012001012/012001012002/20221111/39d2dfc6-413c-4405-a886-e1809efd0ec0-1KB.html","淮南市","22800000.0","16270000",,
"ah-huainan-3a8d57e6-44b8-4adc-8e69-bd32d8eb2fab-1KB","http://jy.ggj.huainan.gov.cn/jyxx/012001/012001012/012001012002/20230302/3a8d57e6-44b8-4adc-8e69-bd32d8eb2fab-1KB.html","淮南市",,"139500","5.8",
"ah-huainan-3c743cd4-8823-4be2-9838-5d057f90b6f2-1KB","http://jy.ggj.huainan.gov.cn/jyxx/012001/012001012/012001012001/20230517/3c743cd4-8823-4be2-9838-5d057f90b6f2-1KB.html","淮南市","28840000.0","25422889.10","0",
"ah-huainan-3c75b941-2f16-4474-a424-6a7e510f68e5-1KB","http://jy.ggj.huainan.gov.cn/jyxx/012001/012001012/012001012002/20230208/3c75b941-2f16-4474-a424-6a7e510f68e5-1KB.html","淮南市","220000.0","3280000","0",
"ah-huainan-3cec89fc-4698-478e-89c0-afd93d69d283-1KB","http://jy.ggj.huainan.gov.cn/jyxx/012001/012001012/012001012001/20230410/3cec89fc-4698-478e-89c0-afd93d69d283-1KB.html","淮南市",,"22734859.74",,
"ah-huainan-3d31a84f-c569-47a9-8282-48643c3a06af-1KB","http://jy.ggj.huainan.gov.cn/jyxx/012001/012001012/012001012003/20230510/3d31a84f-c569-47a9-8282-48643c3a06af-1KB.html","淮南市","135000000.0","115029291.97","0.3",
"ah-huainan-3d9a4502-b4d2-47ae-8101-14da8614de56-1KB","http://jy.ggj.huainan.gov.cn/jyxx/012001/012001012/012001012001/20230327/3d9a4502-b4d2-47ae-8101-14da8614de56-1KB.html","淮南市","260000000.0","220740458.81","0",
"ah-huainan-3db8c690-21fd-4ffa-92cb-152b0629c35f-1KB","http://jy.ggj.huainan.gov.cn/jyxx/012001/012001012/012001012002/20230504/3db8c690-21fd-4ffa-92cb-152b0629c35f-1KB.html","淮南市",,"1207788.00","-9.4","-9.8"
"ah-huainan-3e898097-780e-4520-9d8a-7d94bc277152-1KB","http://jy.ggj.huainan.gov.cn/jyxx/012001/012001012/012001012002/20221108/3e898097-780e-4520-9d8a-7d94bc277152-1KB.html","淮南市","18945816.44","16983217.29","0.45","0.97"
"ah-huainan-3ea1a125-7285-47f3-8215-8c0efee7812c","http://jy.ggj.huainan.gov.cn/jyxx/012001/012001012/012001012002/20211012/3ea1a125-7285-47f3-8215-8c0efee7812c.html","淮南市","4412537.80","4103660.15","-5.2","-8.4"
"ah-huainan-3fa7e1ed-14dc-479b-b71e-24793b8ad222","http://jy.ggj.huainan.gov.cn/jyxx/012001/012001012/012001012001/20211026/3fa7e1ed-14dc-479b-b71e-24793b8ad222.html","淮南市","3995500.73","3995500.73","0",
"ah-huainan-3fcba090-4b28-4dda-9fae-831d1682a3d1","http://jy.ggj.huainan.gov.cn/jyxx/012001/012001012/012001012002/20211104/3fcba090-4b28-4dda-9fae-831d1682a3d1.html","淮南市","10847117.89","9816150.86","-7.8","-11.2"
"ah-huainan-3fddaf77-dbb5-4c81-b190-f5221a1ab782","http://jy.ggj.huainan.gov.cn/jyxx/012001/012001012/012001012001/20211103/3fddaf77-dbb5-4c81-b190-f5221a1ab782.html","淮南市",,"211800.00","0",
"ah-huainan-3fe0a9f5-1bed-4a23-98cb-59702fc1bd16-1KB","http://jy.ggj.huainan.gov.cn/jyxx/012001/012001012/012001012001/20230406/3fe0a9f5-1bed-4a23-98cb-59702fc1bd16-1KB.html","淮南市","173411500.0","168081623.00","0",
"ah-huainan-40067203-8890-4a04-9ddd-ab398b98e1a3-1KB","http://jy.ggj.huainan.gov.cn/jyxx/012001/012001012/012001012001/20230412/40067203-8890-4a04-9ddd-ab398b98e1a3-1KB.html","淮南市",,"3885720.75","0",
"ah-huainan-400b32d5-90c6-463c-ad5f-855846120ea3-1KB","http://jy.ggj.huainan.gov.cn/jyxx/012001/012001012/012001012001/20230509/400b32d5-90c6-463c-ad5f-855846120ea3-1KB.html","淮南市",,"3976798.33","0.4",
"ah-huainan-411d49df-cd2d-4de2-8926-e1881eb983a9-1KB","http://jy.ggj.huainan.gov.cn/jyxx/012001/012001012/012001012001/20230509/411d49df-cd2d-4de2-8926-e1881eb983a9-1KB.html","淮南市","521863000.0","510486475","0",
"ah-huainan-4133cf35-eab9-4ef0-8025-1b589c7eeae1-1KB","http://jy.ggj.huainan.gov.cn/jyxx/012001/012001012/012001012002/20230228/4133cf35-eab9-4ef0-8025-1b589c7eeae1-1KB.html","淮南市","411311017.3","336083433.32",,
"ah-huainan-43641dc7-f6b9-4646-b296-efcb34c0f7f3-1KB","http://jy.ggj.huainan.gov.cn/jyxx/012001/012001012/012001012002/20230209/43641dc7-f6b9-4646-b296-efcb34c0f7f3-1KB.html","淮南市","45932293.66","40280607.41","-12.8","-11.4"
"ah-huainan-44fd0235-a145-4a12-974c-888d33763290-1KB","http://jy.ggj.huainan.gov.cn/jyxx/012001/012001012/012001012002/20230614/44fd0235-a145-4a12-974c-888d33763290-1KB.html","淮南市","4203417.44","2991085.12","0.4","0.98"
"ah-huainan-452ede5d-3f6b-4e9a-bde9-6f84668c140b-1KB","http://jy.ggj.huainan.gov.cn/jyxx/012001/012001012/012001012001/20230508/452ede5d-3f6b-4e9a-bde9-6f84668c140b-1KB.html","淮南市",,"8101974.82","0",
"ah-huainan-4712d2b4-d298-4f8c-b418-148659de34c5-1KB","http://jy.ggj.huainan.gov.cn/jyxx/012001/012001012/012001012001/20230328/4712d2b4-d298-4f8c-b418-148659de34c5-1KB.html","淮南市","104000000.0","95994926.00","6",
"ah-huainan-47cf2d9d-5508-497e-9672-b3492af40837-1KB","http://jy.ggj.huainan.gov.cn/jyxx/012001/012001012/012001012003/20230207/47cf2d9d-5508-497e-9672-b3492af40837-1KB.html","淮南市","32000000.0","29667819.51","0",
"ah-huainan-486b904c-24c9-48c5-9155-e9294da21eb1-1KB","http://jy.ggj.huainan.gov.cn/jyxx/012001/012001012/012001012003/20221115/486b904c-24c9-48c5-9155-e9294da21eb1-1KB.html","淮南市",,"36738472.20","100",
"ah-huainan-491d5d5a-5cb8-47fd-8a43-73b9dbe64bfa-1KB","http://jy.ggj.huainan.gov.cn/jyxx/012001/012001012/012001012002/20230404/491d5d5a-5cb8-47fd-8a43-73b9dbe64bfa-1KB.html","淮南市","4272732.25","3895816.26","0.6","0.94"
"ah-huainan-4a17ba32-7fb6-4788-97fa-6cd1dc015ca0-1KB","http://jy.ggj.huainan.gov.cn/jyxx/012001/012001012/012001012002/20230202/4a17ba32-7fb6-4788-97fa-6cd1dc015ca0-1KB.html","淮南市","10000000","9760000",,
"ah-huainan-4a37f417-3b2d-4619-b9a7-f4851e7b80aa-1KB","http://jy.ggj.huainan.gov.cn/jyxx/012001/012001012/012001012002/20221219/4a37f417-3b2d-4619-b9a7-f4851e7b80aa-1KB.html","淮南市","1.1","1.06",,
"ah-huainan-4a513eb4-5be8-4a2a-a85a-029758a6f534-1KB","http://jy.ggj.huainan.gov.cn/jyxx/012001/012001012/012001012002/20230517/4a513eb4-5be8-4a2a-a85a-029758a6f534-1KB.html","淮南市",,"29.20",,
"ah-huainan-4bc68221-41b7-46b1-a9e6-f3f538ca1d99-1KB","http://jy.ggj.huainan.gov.cn/jyxx/012001/012001012/012001012001/20230607/4bc68221-41b7-46b1-a9e6-f3f538ca1d99-1KB.html","淮南市","6700000.0","6466750.69","0.2",
"ah-huainan-4c870d8c-6486-4e6e-9757-ea0f50e708da","http://jy.ggj.huainan.gov.cn/jyxx/012001/012001012/012001012002/20211102/4c870d8c-6486-4e6e-9757-ea0f50e708da.html","淮南市","15","7878595.29","0.3","-2"
"ah-huainan-4cc0b031-c56c-46e3-9c0e-89b60242c9df-1KB","http://jy.ggj.huainan.gov.cn/jyxx/012001/012001012/012001012001/20230624/4cc0b031-c56c-46e3-9c0e-89b60242c9df-1KB.html","淮南市",,,"0",
"ah-huainan-4e57e652-1389-477f-bcaf-37743015accd-1KB","http://jy.ggj.huainan.gov.cn/jyxx/012001/012001012/012001012003/20230614/4e57e652-1389-477f-bcaf-37743015accd-1KB.html","淮南市",,,"0",
"ah-huainan-4ef6b78b-e4c7-4eee-bd7d-cbfffa83b1fa-1KB","http://jy.ggj.huainan.gov.cn/jyxx/012001/012001012/012001012001/20230606/4ef6b78b-e4c7-4eee-bd7d-cbfffa83b1fa-1KB.html","淮南市","4820000.0","4338138.92","0",
"ah-huainan-4f44ec6a-07b0-4040-8a6d-91a5babc029e-1KB","http://jy.ggj.huainan.gov.cn/jyxx/012001/012001012/012001012001/20230625/4f44ec6a-07b0-4040-8a6d-91a5babc029e-1KB.html","淮南市",,,"0",
"ah-huainan-4f8d3290-927e-4dbc-9661-4a3979f12caa-1KB","http://jy.ggj.huainan.gov.cn/jyxx/012001/012001012/012001012003/20230505/4f8d3290-927e-4dbc-9661-4a3979f12caa-1KB.html","淮南市","6910000.0","6281318.89","0",
"ah-huainan-4fe5f1af-6941-4e90-a877-431a9c31e8c7-1KB","http://jy.ggj.huainan.gov.cn/jyxx/012001/012001012/012001012002/20230530/4fe5f1af-6941-4e90-a877-431a9c31e8c7-1KB.html","淮南市","2746292.75","2463301.43","-8.6","-11.8"
"ah-huainan-5046ffef-d76d-4c2c-8e4d-f1c913f5bec8-1KB","http://jy.ggj.huainan.gov.cn/jyxx/012001/012001012/012001012001/20230607/5046ffef-d76d-4c2c-8e4d-f1c913f5bec8-1KB.html","淮南市","6700000.0","3526183.09","0.3",
"ah-huainan-5161c621-4203-4f91-b18e-008b33073d61-1KB","http://jy.ggj.huainan.gov.cn/jyxx/012001/012001012/012001012003/20221201/5161c621-4203-4f91-b18e-008b33073d61-1KB.html","淮南市",,,,
"ah-huainan-52564fa8-328c-4eed-ab68-5747d0f0f14f-1KB","http://jy.ggj.huainan.gov.cn/jyxx/012001/012001012/012001012002/20230406/52564fa8-328c-4eed-ab68-5747d0f0f14f-1KB.html","淮南市","4022698.32","2190032.67","-8","-9.4"
"ah-huainan-528afb2f-f70b-4c84-8a9a-16754113b03a-1KB","http://jy.ggj.huainan.gov.cn/jyxx/012001/012001012/012001012001/20230221/528afb2f-f70b-4c84-8a9a-16754113b03a-1KB.html","淮南市","524695700.0","503708300.00",,
"ah-huainan-52b7e987-657a-4459-8f8e-9fb93ddb48fd-1KB","http://jy.ggj.huainan.gov.cn/jyxx/012001/012001012/012001012001/20230324/52b7e987-657a-4459-8f8e-9fb93ddb48fd-1KB.html","淮南市","3118795000000.0","296285525",,
"ah-huainan-52e9140a-ffdc-4fae-89ce-4410447aa318-1KB","http://jy.ggj.huainan.gov.cn/jyxx/012001/012001012/012001012002/20230504/52e9140a-ffdc-4fae-89ce-4410447aa318-1KB.html","淮南市","156465500.0","140918950.00",,
"ah-huainan-5357e22f-f1fb-4c7c-af1f-1c4386f05b46-1KB","http://jy.ggj.huainan.gov.cn/jyxx/012001/012001012/012001012001/20230523/5357e22f-f1fb-4c7c-af1f-1c4386f05b46-1KB.html","淮南市",,,,
"ah-huainan-535eff66-1f71-4323-9bb1-69ac7ff2d0a4","http://jy.ggj.huainan.gov.cn/jyxx/012001/012001012/012001012001/20211130/535eff66-1f71-4323-9bb1-69ac7ff2d0a4.html","淮南市","400","3970065.00","0",
"ah-huainan-53e3e782-742f-4e85-b8ba-8252901da32c-1KB","http://jy.ggj.huainan.gov.cn/jyxx/012001/012001012/012001012002/20230410/53e3e782-742f-4e85-b8ba-8252901da32c-1KB.html","淮南市","5163226.87","4775313.64","0.2",
"ah-huainan-54a06c1d-ff3b-4a89-ab9b-430c8a943e9d-1KB","http://jy.ggj.huainan.gov.cn/jyxx/012001/012001012/012001012002/20230608/54a06c1d-ff3b-4a89-ab9b-430c8a943e9d-1KB.html","淮南市","3677940.00","3210900","-9","-14.8"
"ah-huainan-54aabe24-8352-4e0e-8871-b64b8b72b097","http://jy.ggj.huainan.gov.cn/jyxx/012001/012001012/012001012002/20210908/54aabe24-8352-4e0e-8871-b64b8b72b097.html","淮南市","105790757.08","91825926.89","-11.2","-14.8"
"ah-huainan-55086b7f-beb6-436b-a402-d771e12a61b6-1KB","http://jy.ggj.huainan.gov.cn/jyxx/012001/012001012/012001012002/20221017/55086b7f-beb6-436b-a402-d771e12a61b6-1KB.html","淮南市","1000000000.0","886144283.52",,
"ah-huainan-554a9708-52a2-4d30-8c48-86b1ea3f60af","http://jy.ggj.huainan.gov.cn/jyxx/012001/012001012/012001012002/20211111/554a9708-52a2-4d30-8c48-86b1ea3f60af.html","淮南市","14318354.97","12556569.46","-12.2","-12.4"
"ah-huainan-5564fc32-01a3-4e51-b86d-bcba445a4b2c-1KB","http://jy.ggj.huainan.gov.cn/jyxx/012001/012001012/012001012001/20230111/5564fc32-01a3-4e51-b86d-bcba445a4b2c-1KB.html","淮南市",,"2026395.11",,
"ah-huainan-56d94e07-c0b9-4132-82ca-b3b959c84270-1KB","http://jy.ggj.huainan.gov.cn/jyxx/012001/012001012/012001012003/20230425/56d94e07-c0b9-4132-82ca-b3b959c84270-1KB.html","淮南市",,"691159376.53","0",
"ah-huainan-570f9ad7-937c-443d-a94d-3534992d52e6","http://jy.ggj.huainan.gov.cn/jyxx/012001/012001012/012001012002/20211102/570f9ad7-937c-443d-a94d-3534992d52e6.html","淮南市","15","7878595.29","0.3","-2"
"ah-huainan-583319ec-a81f-4cf8-9302-a850326672b2-1KB","http://jy.ggj.huainan.gov.cn/jyxx/012001/012001012/012001012002/20230417/583319ec-a81f-4cf8-9302-a850326672b2-1KB.html","淮南市","5000000.0","4000000",,
"ah-huainan-58576921-f8ec-44d2-a25d-1c20f10eb17f-1KB","http://jy.ggj.huainan.gov.cn/jyxx/012001/012001012/012001012001/20230327/58576921-f8ec-44d2-a25d-1c20f10eb17f-1KB.html","淮南市",,"1118000.00","0",
"ah-huainan-586dc36b-50f7-4cb5-87f5-1275f9433fb8-1KB","http://jy.ggj.huainan.gov.cn/jyxx/012001/012001012/012001012002/20230420/586dc36b-50f7-4cb5-87f5-1275f9433fb8-1KB.html","淮南市","1460870.49","1284783.27","-12.6","-10.2"
"ah-huainan-59437015-2a3d-43a8-b1a1-16dc4aa4e552-1KB","http://jy.ggj.huainan.gov.cn/jyxx/012001/012001012/012001012001/20230424/59437015-2a3d-43a8-b1a1-16dc4aa4e552-1KB.html","淮南市",,"1684928.70","0",
"ah-huainan-5af6116e-2738-4448-9528-069f111fc5e0-1KB","http://jy.ggj.huainan.gov.cn/jyxx/012001/012001012/012001012002/20230118/5af6116e-2738-4448-9528-069f111fc5e0-1KB.html","淮南市","20460000","18004800","-11","-14.2"
"ah-huainan-5bf05aa3-33d7-4b4b-a409-d71de0f6cc27-1KB","http://jy.ggj.huainan.gov.cn/jyxx/012001/012001012/012001012001/20230607/5bf05aa3-33d7-4b4b-a409-d71de0f6cc27-1KB.html","淮南市",,"363843.48",,
"ah-huainan-5c022c2b-af51-4ee4-8258-e4d0bc3910ad-1KB","http://jy.ggj.huainan.gov.cn/jyxx/012001/012001012/012001012002/20230330/5c022c2b-af51-4ee4-8258-e4d0bc3910ad-1KB.html","淮南市","15050000.00","14790050",,
"ah-huainan-5c2ba22c-4676-4059-9a7b-30a316c07c80-1KB","http://jy.ggj.huainan.gov.cn/jyxx/012001/012001012/012001012001/20230328/5c2ba22c-4676-4059-9a7b-30a316c07c80-1KB.html","淮南市",,"221009541.47","0",
"ah-huainan-5d31f47a-0167-4aa2-a943-431e419cf473-1KB","http://jy.ggj.huainan.gov.cn/jyxx/012001/012001012/012001012003/20230524/5d31f47a-0167-4aa2-a943-431e419cf473-1KB.html","淮南市","22400000.0","13017920","0",
"ah-huainan-5d7efc8e-6e36-4b69-b06d-9a18887d584e-1KB","http://jy.ggj.huainan.gov.cn/jyxx/012001/012001012/012001012001/20230510/5d7efc8e-6e36-4b69-b06d-9a18887d584e-1KB.html","淮南市","14000000.0","9140451.01","0",
"ah-huainan-5dab4ade-f9f5-4857-89f5-fa82f76ba392-1KB","http://jy.ggj.huainan.gov.cn/jyxx/012001/012001012/012001012002/20230406/5dab4ade-f9f5-4857-89f5-fa82f76ba392-1KB.html","淮南市","5076708.64","4585283.24","0.4","0.95"
"ah-huainan-6045b323-aeff-4367-9ac6-66a0e954d340-1KB","http://jy.ggj.huainan.gov.cn/jyxx/012001/012001012/012001012002/20230327/6045b323-aeff-4367-9ac6-66a0e954d340-1KB.html","淮南市","7606568.21","6900677.76","0.45","0.96"
"ah-huainan-609e19d0-8af5-4e8f-b8a1-655f558f42a7-1KB","http://jy.ggj.huainan.gov.cn/jyxx/012001/012001012/012001012001/20230406/609e19d0-8af5-4e8f-b8a1-655f558f42a7-1KB.html","淮南市","822000000.0","374218300.00","0",
"ah-huainan-61713641-ac5f-47bb-81fb-1c2c54c2042f-1KB","http://jy.ggj.huainan.gov.cn/jyxx/012001/012001012/012001012001/20221208/61713641-ac5f-47bb-81fb-1c2c54c2042f-1KB.html","淮南市","55328100.00000001","54447196.60","0",
"ah-huainan-619d6e97-c5a7-4694-aa17-bef75a9f50ef-1KB","http://jy.ggj.huainan.gov.cn/jyxx/012001/012001012/012001012001/20221101/619d6e97-c5a7-4694-aa17-bef75a9f50ef-1KB.html","淮南市","230000000.0","182295037.65","0",
"ah-huainan-61ec2cce-8ddc-498b-b9cb-19f0a81b7988","http://jy.ggj.huainan.gov.cn/jyxx/012001/012001012/012001012001/20211026/61ec2cce-8ddc-498b-b9cb-19f0a81b7988.html","淮南市",,"10026627.27","0.4",
"ah-huainan-621c542e-a888-49a0-8782-dea5edf11ebe-1KB","http://jy.ggj.huainan.gov.cn/jyxx/012001/012001012/012001012002/20230420/621c542e-a888-49a0-8782-dea5edf11ebe-1KB.html","淮南市","1460870.49","786526.51","-14.2","-11"
"ah-huainan-62785f94-dcdb-4cd9-943c-30ae8a386e9b-1KB","http://jy.ggj.huainan.gov.cn/jyxx/012001/012001012/012001012001/20230511/62785f94-dcdb-4cd9-943c-30ae8a386e9b-1KB.html","淮南市","3530000.0","3447073.21","0.2",
"ah-huainan-62826369-534d-4d5f-9d31-ac6f8807334d-1KB","http://jy.ggj.huainan.gov.cn/jyxx/012001/012001012/012001012002/20230526/62826369-534d-4d5f-9d31-ac6f8807334d-1KB.html","淮南市","2634884.36","2434189.00","1",
"ah-huainan-62cc4948-e41d-494d-a01c-ce99c6d1a4ab-1KB","http://jy.ggj.huainan.gov.cn/jyxx/012001/012001012/012001012001/20230313/62cc4948-e41d-494d-a01c-ce99c6d1a4ab-1KB.html","淮南市","13000000.0","10536977.68","0",
"ah-huainan-6361287f-acb3-48af-abdd-04a9759ef9a3-1KB","http://jy.ggj.huainan.gov.cn/jyxx/012001/012001012/012001012001/20230104/6361287f-acb3-48af-abdd-04a9759ef9a3-1KB.html","淮南市",,,,
"ah-huainan-64009c4d-aad7-453a-8f8c-b1f51ce6ee39-1KB","http://jy.ggj.huainan.gov.cn/jyxx/012001/012001012/012001012003/20230626/64009c4d-aad7-453a-8f8c-b1f51ce6ee39-1KB.html","淮南市",,,,
"ah-huainan-64ae3d59-2ac1-4798-ba54-470a324a5774","http://jy.ggj.huainan.gov.cn/jyxx/012001/012001012/012001012001/20220929/64ae3d59-2ac1-4798-ba54-470a324a5774.html","淮南市",,,,
"ah-huainan-64e99d4a-2dc0-4951-b3f6-409fcaeb8935-1KB","http://jy.ggj.huainan.gov.cn/jyxx/012001/012001012/012001012001/20221222/64e99d4a-2dc0-4951-b3f6-409fcaeb8935-1KB.html","淮南市","4500000.0","4000119.09","0",
"ah-huainan-65179599-e76c-40b6-9379-e4c274f833f4-1KB","http://jy.ggj.huainan.gov.cn/jyxx/012001/012001012/012001012002/20230410/65179599-e76c-40b6-9379-e4c274f833f4-1KB.html","淮南市","1500000.0","1284600","0",
"ah-huainan-66dd8256-5436-4ff6-8f2e-6ae1ee3e6636","http://jy.ggj.huainan.gov.cn/jyxx/012001/012001012/012001012001/20220905/66dd8256-5436-4ff6-8f2e-6ae1ee3e6636.html","淮南市",,,"0",
"ah-huainan-6746fb23-9219-4666-8fc3-ebff20e09e81-1KB","http://jy.ggj.huainan.gov.cn/jyxx/012001/012001012/012001012001/20230118/6746fb23-9219-4666-8fc3-ebff20e09e81-1KB.html","淮南市","60000000.0","56690415.75",,
"ah-huainan-67a59fa5-b557-472f-a158-b918ea2cdf14-1KB","http://jy.ggj.huainan.gov.cn/jyxx/012001/012001012/012001012002/20230103/67a59fa5-b557-472f-a158-b918ea2cdf14-1KB.html","淮南市","1","777514.76","0.60","0.96"
"ah-huainan-67bb0a68-ad7b-45cf-bb72-6c60f5461591","http://jy.ggj.huainan.gov.cn/jyxx/012001/012001012/012001012002/20211108/67bb0a68-ad7b-45cf-bb72-6c60f5461591.html","淮南市","6431978.67","5839944.62","-8.2","-10.2"
"ah-huainan-67db9b7f-c9b5-459c-a906-20df4f2fb9eb-1KB","http://jy.ggj.huainan.gov.cn/jyxx/012001/012001012/012001012002/20230403/67db9b7f-c9b5-459c-a906-20df4f2fb9eb-1KB.html","淮南市","10893651.77","9915401.84","0.45","0.95"
"ah-huainan-68280e39-4cba-40c8-8a99-5ec3d3ecabab-1KB","http://jy.ggj.huainan.gov.cn/jyxx/012001/012001012/012001012003/20230210/68280e39-4cba-40c8-8a99-5ec3d3ecabab-1KB.html","淮南市","12500000.0","11837527.74","0",
"ah-huainan-68b909ab-5730-428e-984c-48ff14844297-1KB","http://jy.ggj.huainan.gov.cn/jyxx/012001/012001012/012001012002/20230215/68b909ab-5730-428e-984c-48ff14844297-1KB.html","淮南市",,"1053209106.00",,
"ah-huainan-68d21a46-f1ed-4e0a-92f1-de5b76c91147-1KB","http://jy.ggj.huainan.gov.cn/jyxx/012001/012001012/012001012002/20221219/68d21a46-f1ed-4e0a-92f1-de5b76c91147-1KB.html","淮南市","1.1","1.056",,
"ah-huainan-69177055-44af-4b98-a3b4-4a3f50e1f7ea-1KB","http://jy.ggj.huainan.gov.cn/jyxx/012001/012001012/012001012003/20230426/69177055-44af-4b98-a3b4-4a3f50e1f7ea-1KB.html","淮南市","12.52385","99.50","0",
"ah-huainan-6920cbf3-f893-4964-a425-293aacce0ea2-1KB","http://jy.ggj.huainan.gov.cn/jyxx/012001/012001012/012001012001/20221101/6920cbf3-f893-4964-a425-293aacce0ea2-1KB.html","淮南市",,"1150000.00","0",
"ah-huainan-696347af-e0a9-47b0-aea8-be649ab95ef5","http://jy.ggj.huainan.gov.cn/jyxx/012001/012001012/012001012002/20211102/696347af-e0a9-47b0-aea8-be649ab95ef5.html","淮南市","15","7878595.29","0.3","-2"
"ah-huainan-6963c3c7-4779-42dc-a315-dd62a0fd193e-1KB","http://jy.ggj.huainan.gov.cn/jyxx/012001/012001012/012001012002/20230516/6963c3c7-4779-42dc-a315-dd62a0fd193e-1KB.html","淮南市","10720853.32","9442710.51","-13.2","-10.6"
"ah-huainan-6a5034eb-4d3c-4a19-a54c-33b487af9e0a-1KB","http://jy.ggj.huainan.gov.cn/jyxx/012001/012001012/012001012002/20230103/6a5034eb-4d3c-4a19-a54c-33b487af9e0a-1KB.html","淮南市","1","709712.53","0.50","0.96"
"ah-huainan-6a70dea5-f053-40ab-a651-f8faa9124d54","http://jy.ggj.huainan.gov.cn/jyxx/012001/012001012/012001012002/20211102/6a70dea5-f053-40ab-a651-f8faa9124d54.html","淮南市","15","7878595.29","0.3","-2"
"ah-huainan-6a80a4bd-b2e6-4456-8f70-067d1158e69e-1KB","http://jy.ggj.huainan.gov.cn/jyxx/012001/012001012/012001012001/20230406/6a80a4bd-b2e6-4456-8f70-067d1158e69e-1KB.html","淮南市","10000000","9264741.74","0.1",
"ah-huainan-6b0e2808-9939-4fae-bf8d-564f7b8fcc9a","http://jy.ggj.huainan.gov.cn/jyxx/012001/012001012/012001012002/20211102/6b0e2808-9939-4fae-bf8d-564f7b8fcc9a.html","淮南市","15","7878595.29","0.3","-2"
"ah-huainan-6b6c8bb3-e892-4e36-a2e7-c1ae655ed5c2-1KB","http://jy.ggj.huainan.gov.cn/jyxx/012001/012001012/012001012002/20221219/6b6c8bb3-e892-4e36-a2e7-c1ae655ed5c2-1KB.html","淮南市","1240333.33","1163184.59","0.5","0.97"
"ah-huainan-6bdd1f68-5b98-41f7-81bb-109b1140abd2","http://jy.ggj.huainan.gov.cn/jyxx/012001/012001012/012001012002/20211111/6bdd1f68-5b98-41f7-81bb-109b1140abd2.html","淮南市","34379560.93","29427432.72","-14.8","-14"
"ah-huainan-6cf0b714-ac61-466e-88f6-c6aade788b56-1KB","http://jy.ggj.huainan.gov.cn/jyxx/012001/012001012/012001012003/20230621/6cf0b714-ac61-466e-88f6-c6aade788b56-1KB.html","淮南市",,,,
"ah-huainan-6cf636b1-825c-423e-9ff6-30b09e596dc6-1KB","http://jy.ggj.huainan.gov.cn/jyxx/012001/012001012/012001012001/20230621/6cf636b1-825c-423e-9ff6-30b09e596dc6-1KB.html","淮南市",,,"0",
"ah-huainan-6d975b7a-b2a4-4923-9b74-adfe792ad472","http://jy.ggj.huainan.gov.cn/jyxx/012001/012001012/012001012001/20211111/6d975b7a-b2a4-4923-9b74-adfe792ad472.html","淮南市",,"16909568.24","0.5",
"ah-huainan-6e2bb296-4574-4ded-90a1-0a2e99dfe0a4-1KB","http://jy.ggj.huainan.gov.cn/jyxx/012001/012001012/012001012001/20230227/6e2bb296-4574-4ded-90a1-0a2e99dfe0a4-1KB.html","淮南市","7500000.0","6053227.48","0",
"ah-huainan-6e2cfb9a-cf7e-40c3-8e65-99205de14d98-1KB","http://jy.ggj.huainan.gov.cn/jyxx/012001/012001012/012001012002/20230228/6e2cfb9a-cf7e-40c3-8e65-99205de14d98-1KB.html","淮南市","7275154.31","6231242.42",,
"ah-huainan-6e4c7665-d1a7-4f9e-8659-cce1c9447ab4-1KB","http://jy.ggj.huainan.gov.cn/jyxx/012001/012001012/012001012001/20230419/6e4c7665-d1a7-4f9e-8659-cce1c9447ab4-1KB.html","淮南市","16219500.0","15821160.00",,
"ah-huainan-6e830b7f-d255-4365-826f-730f4a6fdf60-1KB","http://jy.ggj.huainan.gov.cn/jyxx/012001/012001012/012001012003/20230420/6e830b7f-d255-4365-826f-730f4a6fdf60-1KB.html","淮南市","38000000.0","8931183.86","0",
"ah-huainan-6f60ac8b-d36a-424d-a9d9-7c6bcbb40799-1KB","http://jy.ggj.huainan.gov.cn/jyxx/012001/012001012/012001012002/20230418/6f60ac8b-d36a-424d-a9d9-7c6bcbb40799-1KB.html","淮南市","5340608.07","5027114.38","0.55","0.98"
"ah-huainan-6fa001e4-c2e8-4fa9-861d-0b879ba8689f-1KB","http://jy.ggj.huainan.gov.cn/jyxx/012001/012001012/012001012002/20230627/6fa001e4-c2e8-4fa9-861d-0b879ba8689f-1KB.html","淮南市",,,"0.45","0.94"
"ah-huainan-6fd52831-dc5f-4368-8bca-2a1904b54c5c-1KB","http://jy.ggj.huainan.gov.cn/jyxx/012001/012001012/012001012001/20230509/6fd52831-dc5f-4368-8bca-2a1904b54c5c-1KB.html","淮南市",,"2660000","0",
"ah-huainan-70832da3-b28b-482e-9365-0b4067ade313-1KB","http://jy.ggj.huainan.gov.cn/jyxx/012001/012001012/012001012001/20230510/70832da3-b28b-482e-9365-0b4067ade313-1KB.html","淮南市","419213424.49999994","376158126.43","0",
"ah-huainan-711e6e17-29e3-4e74-a02a-5ad058cf637c-1KB","http://jy.ggj.huainan.gov.cn/jyxx/012001/012001012/012001012002/20230530/711e6e17-29e3-4e74-a02a-5ad058cf637c-1KB.html","淮南市","2746292.75","2672452.32","-8.6","-11.8"
"ah-huainan-712bdbff-fcab-47b9-9f55-953face0f75f-1KB","http://jy.ggj.huainan.gov.cn/jyxx/012001/012001012/012001012001/20230324/712bdbff-fcab-47b9-9f55-953face0f75f-1KB.html","淮南市",,"1591200.00",,
"ah-huainan-71fba106-6abf-4efe-b44f-834b80944e75-1KB","http://jy.ggj.huainan.gov.cn/jyxx/012001/012001012/012001012001/20230313/71fba106-6abf-4efe-b44f-834b80944e75-1KB.html","淮南市","5000000","4907648.11","1",
"ah-huainan-7208e702-180f-4741-8d28-e47013ad1de9-1KB","http://jy.ggj.huainan.gov.cn/jyxx/012001/012001012/012001012001/20230222/7208e702-180f-4741-8d28-e47013ad1de9-1KB.html","淮南市","33000000.0","22580392.89","0",
"ah-huainan-7338c0fe-1c04-4dec-ac2c-81d21401393a","http://jy.ggj.huainan.gov.cn/jyxx/012001/012001012/012001012001/20220805/7338c0fe-1c04-4dec-ac2c-81d21401393a.html","淮南市",,,,
"ah-huainan-7409a63f-0f2d-4626-aa8c-89b288c661a6-1KB","http://jy.ggj.huainan.gov.cn/jyxx/012001/012001012/012001012002/20230406/7409a63f-0f2d-4626-aa8c-89b288c661a6-1KB.html","淮南市","4022698.32","3519685.04","-11.8","-13.2"
"ah-huainan-74cc3c92-b60d-441a-a220-abcd46421fe3","http://jy.ggj.huainan.gov.cn/jyxx/012001/012001012/012001012002/20211102/74cc3c92-b60d-441a-a220-abcd46421fe3.html","淮南市","15","7878595.29","0.3","-2"
"ah-huainan-75e3097e-4e9d-484a-b395-218b75684a1c-1KB","http://jy.ggj.huainan.gov.cn/jyxx/012001/012001012/012001012001/20230403/75e3097e-4e9d-484a-b395-218b75684a1c-1KB.html","淮南市",,"116876532.63","0.5",
"ah-huainan-7755d0e9-d51d-4a34-a35d-3557b16d500d-1KB","http://jy.ggj.huainan.gov.cn/jyxx/012001/012001012/012001012001/20230612/7755d0e9-d51d-4a34-a35d-3557b16d500d-1KB.html","淮南市","3058700.0","2869978.21","0",
"ah-huainan-77f9d695-adeb-4cde-a1b2-ec597cc42956","http://jy.ggj.huainan.gov.cn/jyxx/012001/012001012/012001012002/20211102/77f9d695-adeb-4cde-a1b2-ec597cc42956.html","淮南市","15","7878595.29","0.3","-2"
"ah-huainan-7860a530-b5a9-4d4b-80e1-9370804ef9a5-1KB","http://jy.ggj.huainan.gov.cn/jyxx/012001/012001012/012001012002/20230420/7860a530-b5a9-4d4b-80e1-9370804ef9a5-1KB.html","淮南市","1460870.49","1286962.55","-10","-13.8"
"ah-huainan-78e57d7d-393e-4a04-8a35-6574f07b7ce4-1KB","http://jy.ggj.huainan.gov.cn/jyxx/012001/012001012/012001012002/20221110/78e57d7d-393e-4a04-8a35-6574f07b7ce4-1KB.html","淮南市",,"7708200","-11","-11.4"
"ah-huainan-79664e07-34b1-4af1-bcea-1393e54f561a-1KB","http://jy.ggj.huainan.gov.cn/jyxx/012001/012001012/012001012002/20230118/79664e07-34b1-4af1-bcea-1393e54f561a-1KB.html","淮南市","4955876.66","4385950.84","-10","-8.4"
"ah-huainan-7c119d7a-ebfb-4ab2-96ee-a88e23908fd6-1KB","http://jy.ggj.huainan.gov.cn/jyxx/012001/012001012/012001012003/20230427/7c119d7a-ebfb-4ab2-96ee-a88e23908fd6-1KB.html","淮南市","12000000.0","8149906.31","0",
"ah-huainan-7ca9eecf-97c0-4218-953d-56a1708f95c9-1KB","http://jy.ggj.huainan.gov.cn/jyxx/012001/012001012/012001012003/20230517/7ca9eecf-97c0-4218-953d-56a1708f95c9-1KB.html","淮南市",,"3520000.00","0",
"ah-huainan-7d69373c-4703-4917-a97a-783e1b95f2ec-1KB","http://jy.ggj.huainan.gov.cn/jyxx/012001/012001012/012001012001/20230522/7d69373c-4703-4917-a97a-783e1b95f2ec-1KB.html","淮南市",,"1510500.00","0",
"ah-huainan-7dc3d33b-18f1-452e-b60e-029d29acfc31-1KB","http://jy.ggj.huainan.gov.cn/jyxx/012001/012001012/012001012001/20230625/7dc3d33b-18f1-452e-b60e-029d29acfc31-1KB.html","淮南市",,,"0",
"ah-huainan-7eacfe99-a89d-4eb4-ab08-2a0d26e610cc","http://jy.ggj.huainan.gov.cn/jyxx/012001/012001012/012001012001/20211123/7eacfe99-a89d-4eb4-ab08-2a0d26e610cc.html","淮南市","45000000.0","43425000.00",,
"ah-huainan-7ed3af4a-7037-4288-85e6-327ba7ea2ccb-1KB","http://jy.ggj.huainan.gov.cn/jyxx/012001/012001012/012001012001/20230201/7ed3af4a-7037-4288-85e6-327ba7ea2ccb-1KB.html","淮南市",,"5833200.00",,
"ah-huainan-7f5f38cf-d6a5-4a95-9b8c-0e83c45c29f9-1KB","http://jy.ggj.huainan.gov.cn/jyxx/012001/012001012/012001012003/20230419/7f5f38cf-d6a5-4a95-9b8c-0e83c45c29f9-1KB.html","淮南市","2300000.0","2050095.59","3.83",
"ah-huainan-7f6e98e9-c4fd-4ab1-9b1a-f1a71080d578-1KB","http://jy.ggj.huainan.gov.cn/jyxx/012001/012001012/012001012003/20230324/7f6e98e9-c4fd-4ab1-9b1a-f1a71080d578-1KB.html","淮南市","5.2","94","40",
"ah-huainan-7f8dda00-9623-4664-82a7-e3d307740209-1KB","http://jy.ggj.huainan.gov.cn/jyxx/012001/012001012/012001012001/20230403/7f8dda00-9623-4664-82a7-e3d307740209-1KB.html","淮南市",,"119822729.26","0.4",
"ah-huainan-80386fa8-49d0-436d-badc-97594b81f35e-1KB","http://jy.ggj.huainan.gov.cn/jyxx/012001/012001012/012001012001/20221109/80386fa8-49d0-436d-badc-97594b81f35e-1KB.html","淮南市",,,"0",
"ah-huainan-80b7fed4-42d4-47ec-bb23-65d051844f5f-1KB","http://jy.ggj.huainan.gov.cn/jyxx/012001/012001012/012001012003/20221227/80b7fed4-42d4-47ec-bb23-65d051844f5f-1KB.html","淮南市",,"2098200.79","100",
"ah-huainan-810dcd72-fe90-4a97-97d8-f8839d5c1ad8-1KB","http://jy.ggj.huainan.gov.cn/jyxx/012001/012001012/012001012001/20230607/810dcd72-fe90-4a97-97d8-f8839d5c1ad8-1KB.html","淮南市",,,"0",
"ah-huainan-81868ce2-a852-470d-b074-895c397c6c9a-1KB","http://jy.ggj.huainan.gov.cn/jyxx/012001/012001012/012001012001/20221201/81868ce2-a852-470d-b074-895c397c6c9a-1KB.html","淮南市","4000000.0","3599855.11","0",
"ah-huainan-81c74a74-9b03-417c-adf2-d020130b951d-1KB","http://jy.ggj.huainan.gov.cn/jyxx/012001/012001012/012001012002/20230606/81c74a74-9b03-417c-adf2-d020130b951d-1KB.html","淮南市","5400000.0","4457500.00",,
"ah-huainan-822116e7-f2ed-475c-a416-6af0db3c23d5","http://jy.ggj.huainan.gov.cn/jyxx/012001/012001012/012001012003/20210819/822116e7-f2ed-475c-a416-6af0db3c23d5.html","淮南市",,"90","0",
"ah-huainan-82a41995-a68c-48f8-aae0-5b5f26017eca","http://jy.ggj.huainan.gov.cn/jyxx/012001/012001012/012001012001/20220920/82a41995-a68c-48f8-aae0-5b5f26017eca.html","淮南市",,,,
"ah-huainan-82f8d0b7-1c96-404d-aee8-eaa4ec02dc61-1KB","http://jy.ggj.huainan.gov.cn/jyxx/012001/012001012/012001012002/20230208/82f8d0b7-1c96-404d-aee8-eaa4ec02dc61-1KB.html","淮南市",,"131871987.42","1",
"ah-huainan-8432654a-13d4-4005-afe8-75c9a25d874f-1KB","http://jy.ggj.huainan.gov.cn/jyxx/012001/012001012/012001012002/20221108/8432654a-13d4-4005-afe8-75c9a25d874f-1KB.html","淮南市","18945816.44","17842980.47","0.45","0.97"
"ah-huainan-8597a9cd-0674-4d52-8611-a1057323abe3-1KB","http://jy.ggj.huainan.gov.cn/jyxx/012001/012001012/012001012001/20230612/8597a9cd-0674-4d52-8611-a1057323abe3-1KB.html","淮南市","5117000.0","4936600.00","0",
"ah-huainan-85bfc1fb-72ed-444c-9467-780f6416fb30","http://jy.ggj.huainan.gov.cn/jyxx/012001/012001012/012001012001/20211026/85bfc1fb-72ed-444c-9467-780f6416fb30.html","淮南市",,"5115027.63","0.1",
"ah-huainan-8696bcda-a356-4f8c-b7d7-d7668ba14017-1KB","http://jy.ggj.huainan.gov.cn/jyxx/012001/012001012/012001012002/20230616/8696bcda-a356-4f8c-b7d7-d7668ba14017-1KB.html","淮南市","8704298.19","7958987.43","0.1",
"ah-huainan-86b12637-5f5f-41a4-8aa3-5f4ecad1645d","http://jy.ggj.huainan.gov.cn/jyxx/012001/012001012/012001012001/20210616/86b12637-5f5f-41a4-8aa3-5f4ecad1645d.html","淮南市",,,,
"ah-huainan-882a20dc-9e44-4694-a035-a1ff841044bd-1KB","http://jy.ggj.huainan.gov.cn/jyxx/012001/012001012/012001012002/20230103/882a20dc-9e44-4694-a035-a1ff841044bd-1KB.html","淮南市","1","636261.41","0.4","0.96"
"ah-huainan-88c7a210-0123-40b3-a2ec-f0b013ef08fe-1KB","http://jy.ggj.huainan.gov.cn/jyxx/012001/012001012/012001012003/20230620/88c7a210-0123-40b3-a2ec-f0b013ef08fe-1KB.html","淮南市",,,"0",
"ah-huainan-88f1c20d-1c97-4f82-9cf1-d65e49f330dd-1KB","http://jy.ggj.huainan.gov.cn/jyxx/012001/012001012/012001012002/20230614/88f1c20d-1c97-4f82-9cf1-d65e49f330dd-1KB.html","淮南市","4203417.44","3941124.19","0.4","0.98"
"ah-huainan-8a300c4a-3275-4e58-a991-d56bd5bf2f02-1KB","http://jy.ggj.huainan.gov.cn/jyxx/012001/012001012/012001012002/20230605/8a300c4a-3275-4e58-a991-d56bd5bf2f02-1KB.html","淮南市","4000000.0","3583771.74","-11.2","-9.4"
"ah-huainan-8a51997e-d7f4-49f4-ac17-39e7774fdeb6-1KB","http://jy.ggj.huainan.gov.cn/jyxx/012001/012001012/012001012001/20221114/8a51997e-d7f4-49f4-ac17-39e7774fdeb6-1KB.html","淮南市","49500000.0","42282900","3",
"ah-huainan-8a8a944d-981a-4947-b6ae-de9d07fde03b-1KB","http://jy.ggj.huainan.gov.cn/jyxx/012001/012001012/012001012003/20221223/8a8a944d-981a-4947-b6ae-de9d07fde03b-1KB.html","淮南市","46820825","97.42","0",
"ah-huainan-8c8ef56c-c30e-4420-94e5-e76ce4dac581","http://jy.ggj.huainan.gov.cn/jyxx/012001/012001012/012001012002/20211202/8c8ef56c-c30e-4420-94e5-e76ce4dac581.html","淮南市","650770.64","644750.00","0",
"ah-huainan-8d342f9e-9031-43ce-9d48-94081744ad92-1KB","http://jy.ggj.huainan.gov.cn/jyxx/012001/012001012/012001012002/20230529/8d342f9e-9031-43ce-9d48-94081744ad92-1KB.html","淮南市","36000000.0","29800000.00",,
"ah-huainan-8d5991f5-de2b-4ba5-81e5-0ddb09297751","http://jy.ggj.huainan.gov.cn/jyxx/012001/012001012/012001012001/20211207/8d5991f5-de2b-4ba5-81e5-0ddb09297751.html","淮南市","2071914.02","2071914.02","0",
"ah-huainan-8d763234-7212-4fee-a7d4-39d92ae22c5e-1KB","http://jy.ggj.huainan.gov.cn/jyxx/012001/012001012/012001012003/20230106/8d763234-7212-4fee-a7d4-39d92ae22c5e-1KB.html","淮南市",,"3469642","0",
"ah-huainan-8d825b44-7edf-47cc-a7c4-3f661d543b4d-1KB","http://jy.ggj.huainan.gov.cn/jyxx/012001/012001012/012001012001/20230621/8d825b44-7edf-47cc-a7c4-3f661d543b4d-1KB.html","淮南市",,,"0",
"ah-huainan-8dd0ea6f-eab0-42ab-b9cf-d751129a8153-1KB","http://jy.ggj.huainan.gov.cn/jyxx/012001/012001012/012001012002/20230321/8dd0ea6f-eab0-42ab-b9cf-d751129a8153-1KB.html","淮南市","8834450","7722200","-15","-12.6"
"ah-huainan-8dd3f2b1-c6d5-4da0-ad1d-89721b43e51c","http://jy.ggj.huainan.gov.cn/jyxx/012001/012001012/012001012001/20211103/8dd3f2b1-c6d5-4da0-ad1d-89721b43e51c.html","淮南市",,,,
"ah-huainan-8e6f14a3-9c87-459e-bfec-140b0c9beaec-1KB","http://jy.ggj.huainan.gov.cn/jyxx/012001/012001012/012001012003/20230118/8e6f14a3-9c87-459e-bfec-140b0c9beaec-1KB.html","淮南市","12860000.0","6057075.68","0",
"ah-huainan-8f28f273-3e22-45aa-be37-78de213eddcb-1KB","http://jy.ggj.huainan.gov.cn/jyxx/012001/012001012/012001012002/20230111/8f28f273-3e22-45aa-be37-78de213eddcb-1KB.html","淮南市","17511397.35","16527125.28","0.2","-2"
"ah-huainan-8f64399c-998d-40b0-ba6b-3e6a5f894e43-1KB","http://jy.ggj.huainan.gov.cn/jyxx/012001/012001012/012001012002/20230118/8f64399c-998d-40b0-ba6b-3e6a5f894e43-1KB.html","淮南市","2560000","2252800.00","13.8","9.4"
"ah-huainan-8fd4767c-69d7-4f2f-88bc-c4651f2c83fd","http://jy.ggj.huainan.gov.cn/jyxx/012001/012001012/012001012001/20220112/8fd4767c-69d7-4f2f-88bc-c4651f2c83fd.html","淮南市",,,,
"ah-huainan-901c0b4b-87a1-4ea9-b518-9ea98dbcbce8","http://jy.ggj.huainan.gov.cn/jyxx/012001/012001012/012001012001/20220920/901c0b4b-87a1-4ea9-b518-9ea98dbcbce8.html","淮南市",,,,
"ah-huainan-905d6552-55d4-40d3-838b-c19616d88b45-1KB","http://jy.ggj.huainan.gov.cn/jyxx/012001/012001012/012001012001/20221130/905d6552-55d4-40d3-838b-c19616d88b45-1KB.html","淮南市","10000.0","860000.00",,
"ah-huainan-907f0316-ac8d-4da0-b567-c79cdc78a06d-1KB","http://jy.ggj.huainan.gov.cn/jyxx/012001/012001012/012001012001/20230420/907f0316-ac8d-4da0-b567-c79cdc78a06d-1KB.html","淮南市",,"1040000.00","3",
"ah-huainan-9095bade-c584-46bf-bbe2-65043eedb966","http://jy.ggj.huainan.gov.cn/jyxx/012001/012001012/012001012001/20211026/9095bade-c584-46bf-bbe2-65043eedb966.html","淮南市",,"2490000",,
"ah-huainan-93835060-3442-4aa6-bc22-a758f7c518d5-1KB","http://jy.ggj.huainan.gov.cn/jyxx/012001/012001012/012001012002/20221102/93835060-3442-4aa6-bc22-a758f7c518d5-1KB.html","淮南市",,"16350176.7",,
"ah-huainan-93a05395-1436-432f-9b5a-253365bebfe2-1KB","http://jy.ggj.huainan.gov.cn/jyxx/012001/012001012/012001012002/20221111/93a05395-1436-432f-9b5a-253365bebfe2-1KB.html","淮南市","200043878.35","177230014.28",,
"ah-huainan-93a4cccf-871b-4855-8104-dbe90f69a63b","http://jy.ggj.huainan.gov.cn/jyxx/012001/012001012/012001012001/20211027/93a4cccf-871b-4855-8104-dbe90f69a63b.html","淮南市","400","3970065.00","0",
"ah-huainan-9443b9a4-437e-46e9-8937-e67c51b61a0e-1KB","http://jy.ggj.huainan.gov.cn/jyxx/012001/012001012/012001012002/20230419/9443b9a4-437e-46e9-8937-e67c51b61a0e-1KB.html","淮南市","6140529.86","5341993.87","-12.4","-13.6"
"ah-huainan-965cce62-a59c-49db-b11e-660dbebb0139-1KB","http://jy.ggj.huainan.gov.cn/jyxx/012001/012001012/012001012001/20221206/965cce62-a59c-49db-b11e-660dbebb0139-1KB.html","淮南市",,"2600000",,
"ah-huainan-96eef03b-98e5-49a0-b0b6-c091faa69b8f-1KB","http://jy.ggj.huainan.gov.cn/jyxx/012001/012001012/012001012002/20221208/96eef03b-98e5-49a0-b0b6-c091faa69b8f-1KB.html","淮南市","8028800.0","6500000",,
"ah-huainan-971364b1-5e3e-4e23-863b-8f08053d0449-1KB","http://jy.ggj.huainan.gov.cn/jyxx/012001/012001012/012001012002/20230606/971364b1-5e3e-4e23-863b-8f08053d0449-1KB.html","淮南市","2346938.71","2155099.94","0.2",
"ah-huainan-97a4769d-c383-4899-b114-22274db5873c-1KB","http://jy.ggj.huainan.gov.cn/jyxx/012001/012001012/012001012002/20230613/97a4769d-c383-4899-b114-22274db5873c-1KB.html","淮南市","6018484.39","5656643.24","0.45","0.98"
"ah-huainan-97cd619c-b290-4572-97a9-b658c571b54d-1KB","http://jy.ggj.huainan.gov.cn/jyxx/012001/012001012/012001012003/20230427/97cd619c-b290-4572-97a9-b658c571b54d-1KB.html","淮南市","12000000.0","9769516.24","0",
"ah-huainan-98e0e414-3745-4885-af0c-d9d16018b7e1-1KB","http://jy.ggj.huainan.gov.cn/jyxx/012001/012001012/012001012002/20230504/98e0e414-3745-4885-af0c-d9d16018b7e1-1KB.html","淮南市","553522062.56","498335912.65",,
"ah-huainan-99c1e48b-b6cd-4a82-bf7b-4b218bf4a0ff-1KB","http://jy.ggj.huainan.gov.cn/jyxx/012001/012001012/012001012001/20230412/99c1e48b-b6cd-4a82-bf7b-4b218bf4a0ff-1KB.html","淮南市","4838514.45","4493856.11","0",
"ah-huainan-99ed0fce-e96e-46b5-b0de-83ab833c2c37-1KB","http://jy.ggj.huainan.gov.cn/jyxx/012001/012001012/012001012002/20221201/99ed0fce-e96e-46b5-b0de-83ab833c2c37-1KB.html","淮南市","10000.0","0.91","-10.8","-6"
"ah-huainan-9a39f3c3-bd54-4a08-8faa-a896fa2ab5ba-1KB","http://jy.ggj.huainan.gov.cn/jyxx/012001/012001012/012001012001/20230509/9a39f3c3-bd54-4a08-8faa-a896fa2ab5ba-1KB.html","淮南市",,"946.07","0",
"ah-huainan-9b73186a-68fe-49e5-8914-96bf6c7e474b-1KB","http://jy.ggj.huainan.gov.cn/jyxx/012001/012001012/012001012001/20230307/9b73186a-68fe-49e5-8914-96bf6c7e474b-1KB.html","淮南市",,"2565000","0",
"ah-huainan-9b849a32-79d7-43a4-801b-5aed964c4f68-1KB","http://jy.ggj.huainan.gov.cn/jyxx/012001/012001012/012001012001/20230209/9b849a32-79d7-43a4-801b-5aed964c4f68-1KB.html","淮南市",,"2040000","0",
"ah-huainan-9bca5f22-152c-40f7-8f6d-4328b16d18e2-1KB","http://jy.ggj.huainan.gov.cn/jyxx/012001/012001012/012001012001/20221117/9bca5f22-152c-40f7-8f6d-4328b16d18e2-1KB.html","淮南市","2700","26187860.00","0",
"ah-huainan-9c1a244c-f997-4de6-88de-a011ccea7a87-1KB","http://jy.ggj.huainan.gov.cn/jyxx/012001/012001012/012001012003/20230516/9c1a244c-f997-4de6-88de-a011ccea7a87-1KB.html","淮南市",,"2156000.00","0",
"ah-huainan-9d0c2b3e-9ffe-4a45-882f-6af80a8548b2-1KB","http://jy.ggj.huainan.gov.cn/jyxx/012001/012001012/012001012003/20221111/9d0c2b3e-9ffe-4a45-882f-6af80a8548b2-1KB.html","淮南市",,"4800000","100",
"ah-huainan-9d36e968-136b-41ce-bb46-4e34edbf4651-1KB","http://jy.ggj.huainan.gov.cn/jyxx/012001/012001012/012001012002/20230615/9d36e968-136b-41ce-bb46-4e34edbf4651-1KB.html","淮南市","3602285.12","3385986.26","0.55","0.97"
"ah-huainan-9dea6504-5ebb-437b-812a-10a53afefbc8-1KB","http://jy.ggj.huainan.gov.cn/jyxx/012001/012001012/012001012002/20230525/9dea6504-5ebb-437b-812a-10a53afefbc8-1KB.html","淮南市","4199726.60","3823431.1","0.6","0.94"
"ah-huainan-9f31793f-faad-4b98-96b0-b881dc054c12-1KB","http://jy.ggj.huainan.gov.cn/jyxx/012001/012001012/012001012003/20230424/9f31793f-faad-4b98-96b0-b881dc054c12-1KB.html","淮南市","30000000.0","26749529.81",,
"ah-huainan-a027efc4-7570-40ba-9c15-1a21f1643d57-1KB","http://jy.ggj.huainan.gov.cn/jyxx/012001/012001012/012001012002/20230329/a027efc4-7570-40ba-9c15-1a21f1643d57-1KB.html","淮南市","10300000.0","8992280",,
"ah-huainan-a05d202f-efda-4995-bcbb-ff6d390dd1eb-1KB","http://jy.ggj.huainan.gov.cn/jyxx/012001/012001012/012001012002/20220923/a05d202f-efda-4995-bcbb-ff6d390dd1eb-1KB.html","淮南市","17542083.91","15787875.52",,
"ah-huainan-a064d44e-ae6b-4b79-9f42-f2185f5a87e9-1KB","http://jy.ggj.huainan.gov.cn/jyxx/012001/012001012/012001012002/20230627/a064d44e-ae6b-4b79-9f42-f2185f5a87e9-1KB.html","淮南市",,,"0.1",
"ah-huainan-a13e0498-1a32-4b14-a4a0-f5ee92d3b5c4","http://jy.ggj.huainan.gov.cn/jyxx/012001/012001012/012001012002/20211104/a13e0498-1a32-4b14-a4a0-f5ee92d3b5c4.html","淮南市",,"668800.00","-9.4","-10.6"
"ah-huainan-a1c1e66a-d6e4-4885-9031-fb8be6579c3a-1KB","http://jy.ggj.huainan.gov.cn/jyxx/012001/012001012/012001012001/20230511/a1c1e66a-d6e4-4885-9031-fb8be6579c3a-1KB.html","淮南市","3530000.0","2243532.16","0.1",
"ah-huainan-a3641d8c-72c7-44f2-91bb-a32ea5a2e842-1KB","http://jy.ggj.huainan.gov.cn/jyxx/012001/012001012/012001012001/20221110/a3641d8c-72c7-44f2-91bb-a32ea5a2e842-1KB.html","淮南市","24000000.0","21120000","0",
"ah-huainan-a3bf0bac-55a0-4326-ad52-2577fe1f34a8-1KB","http://jy.ggj.huainan.gov.cn/jyxx/012001/012001012/012001012003/20230525/a3bf0bac-55a0-4326-ad52-2577fe1f34a8-1KB.html","淮南市","40000000.0","37939477.47","0",
"ah-huainan-a42ca66f-d97c-4c5f-abe7-e09b566dee48-1KB","http://jy.ggj.huainan.gov.cn/jyxx/012001/012001012/012001012002/20230119/a42ca66f-d97c-4c5f-abe7-e09b566dee48-1KB.html","淮南市","8093023.7","6940577.13","0.4","0.92"
"ah-huainan-a55a2b25-ec3c-4a3a-b583-ae3ab352954b","http://jy.ggj.huainan.gov.cn/jyxx/012001/012001012/012001012001/20211020/a55a2b25-ec3c-4a3a-b583-ae3ab352954b.html","淮南市","40000.0","395980000.00",,
"ah-huainan-a55a928a-71f2-497e-9ba0-9959181cbfc7-1KB","http://jy.ggj.huainan.gov.cn/jyxx/012001/012001012/012001012001/20230403/a55a928a-71f2-497e-9ba0-9959181cbfc7-1KB.html","淮南市","76123500.0","74465529.40","0",
"ah-huainan-a66e4363-de0c-410c-bf52-21587488b480","http://jy.ggj.huainan.gov.cn/jyxx/012001/012001012/012001012001/20210720/a66e4363-de0c-410c-bf52-21587488b480.html","淮南市",,,,
"ah-huainan-a833e86b-c7f0-4c3c-8a60-416bb0955fcb-1KB","http://jy.ggj.huainan.gov.cn/jyxx/012001/012001012/012001012001/20230612/a833e86b-c7f0-4c3c-8a60-416bb0955fcb-1KB.html","淮南市","3680000.0","2873963.80","0.1",
"ah-huainan-a84745b2-3b70-4d16-9838-cb47bf3d6c8b-1KB","http://jy.ggj.huainan.gov.cn/jyxx/012001/012001012/012001012003/20221118/a84745b2-3b70-4d16-9838-cb47bf3d6c8b-1KB.html","淮南市",,"22932422.58","100",
"ah-huainan-a95bd690-9099-4bec-acd4-dc144b51cb57-1KB","http://jy.ggj.huainan.gov.cn/jyxx/012001/012001012/012001012003/20230427/a95bd690-9099-4bec-acd4-dc144b51cb57-1KB.html","淮南市","12000000.0","7037124.21","0",
"ah-huainan-aa237944-c6f9-4d20-b1f4-b10db790e99e-1KB","http://jy.ggj.huainan.gov.cn/jyxx/012001/012001012/012001012001/20230403/aa237944-c6f9-4d20-b1f4-b10db790e99e-1KB.html","淮南市","56195600.00000001","55638544.00","0",
"ah-huainan-aa962d53-6a9a-4af7-9b86-5804f8dcd9ff-1KB","http://jy.ggj.huainan.gov.cn/jyxx/012001/012001012/012001012001/20230508/aa962d53-6a9a-4af7-9b86-5804f8dcd9ff-1KB.html","淮南市",,"28610882.97","0.2",
"ah-huainan-ab17ee4e-96e9-4303-892a-15436d15d64e","http://jy.ggj.huainan.gov.cn/jyxx/012001/012001012/012001012002/20211102/ab17ee4e-96e9-4303-892a-15436d15d64e.html","淮南市","5979934.28","5160339.44","0",
"ah-huainan-ab7d4d9c-e5f4-4025-b640-a4e342216e63-1KB","http://jy.ggj.huainan.gov.cn/jyxx/012001/012001012/012001012001/20221103/ab7d4d9c-e5f4-4025-b640-a4e342216e63-1KB.html","淮南市","1100000.0","1008000.00",,
"ah-huainan-abc76acc-b5c8-4ef4-a2de-6d0c085cc4c2","http://jy.ggj.huainan.gov.cn/jyxx/012001/012001012/012001012001/20211026/abc76acc-b5c8-4ef4-a2de-6d0c085cc4c2.html","淮南市","8000000.0","6858912.97",,
"ah-huainan-abdf78f8-03e4-4764-88a4-2a2555bb707e-1KB","http://jy.ggj.huainan.gov.cn/jyxx/012001/012001012/012001012001/20230207/abdf78f8-03e4-4764-88a4-2a2555bb707e-1KB.html","淮南市","20648514.99","17551237.74",,
"ah-huainan-ac1e30d8-ef2b-4f74-917c-c899f7e7dde6-1KB","http://jy.ggj.huainan.gov.cn/jyxx/012001/012001012/012001012002/20221014/ac1e30d8-ef2b-4f74-917c-c899f7e7dde6-1KB.html","淮南市","9286320.38","8190534.58","-8.8","-12"
"ah-huainan-ada59410-ade7-4459-a07d-5de7a1741583-1KB","http://jy.ggj.huainan.gov.cn/jyxx/012001/012001012/012001012001/20221108/ada59410-ade7-4459-a07d-5de7a1741583-1KB.html","淮南市",,,"0",
"ah-huainan-afadb2f2-d6d2-48b4-aa8b-0b30bb9871d7","http://jy.ggj.huainan.gov.cn/jyxx/012001/012001012/012001012002/20211105/afadb2f2-d6d2-48b4-aa8b-0b30bb9871d7.html","淮南市","8389147.74","7241512.31","5.0","9.0"
"ah-huainan-b1f04b83-f8b8-40dc-b2a7-bf94b8e07f7b","http://jy.ggj.huainan.gov.cn/jyxx/012001/012001012/012001012002/20211108/b1f04b83-f8b8-40dc-b2a7-bf94b8e07f7b.html","淮南市","5344218.27","4575719.69","0.4","0.9"
"ah-huainan-b23e8c58-8b1b-4c6f-a7b5-9e65eff8707a","http://jy.ggj.huainan.gov.cn/jyxx/012001/012001012/012001012002/20220524/b23e8c58-8b1b-4c6f-a7b5-9e65eff8707a.html","淮南市",,,,
"ah-huainan-b262b77c-2989-4117-95fc-ea401c3599dd-1KB","http://jy.ggj.huainan.gov.cn/jyxx/012001/012001012/012001012001/20230614/b262b77c-2989-4117-95fc-ea401c3599dd-1KB.html","淮南市","12000000.0","8502686.00","0",
"ah-huainan-b390eb5b-1035-4416-9e4f-fe08ca59ccf4-1KB","http://jy.ggj.huainan.gov.cn/jyxx/012001/012001012/012001012003/20221116/b390eb5b-1035-4416-9e4f-fe08ca59ccf4-1KB.html","淮南市",,"5690000","1",
"ah-huainan-b3d423b4-ff10-4332-80de-593321d2f430-1KB","http://jy.ggj.huainan.gov.cn/jyxx/012001/012001012/012001012001/20230410/b3d423b4-ff10-4332-80de-593321d2f430-1KB.html","淮南市",,"17750000","0",
"ah-huainan-b4b17bb4-a12b-4c83-91e2-e2372a166633-1KB","http://jy.ggj.huainan.gov.cn/jyxx/012001/012001012/012001012002/20230627/b4b17bb4-a12b-4c83-91e2-e2372a166633-1KB.html","淮南市",,,"0.5","0.95"
"ah-huainan-b571996a-79ad-4f13-a7e3-2a4190b3751d-1KB","http://jy.ggj.huainan.gov.cn/jyxx/012001/012001012/012001012003/20230208/b571996a-79ad-4f13-a7e3-2a4190b3751d-1KB.html","淮南市",,"2510000","0",
"ah-huainan-b5937a7d-0f8e-4d50-b846-32ca0696d62f-1KB","http://jy.ggj.huainan.gov.cn/jyxx/012001/012001012/012001012001/20230403/b5937a7d-0f8e-4d50-b846-32ca0696d62f-1KB.html","淮南市","3200000.0","2880000.00","0",
"ah-huainan-b63e51c5-7e15-4c61-9c18-8d9d2ca9e9b7-1KB","http://jy.ggj.huainan.gov.cn/jyxx/012001/012001012/012001012003/20230517/b63e51c5-7e15-4c61-9c18-8d9d2ca9e9b7-1KB.html","淮南市",,"3960000.00","0",
"ah-huainan-b665a747-e6b5-475a-9a1a-bce7237fdf2b-1KB","http://jy.ggj.huainan.gov.cn/jyxx/012001/012001012/012001012001/20230406/b665a747-e6b5-475a-9a1a-bce7237fdf2b-1KB.html","淮南市","822000000.0","417564891.30","0",
"ah-huainan-b72a979f-1759-453b-ba92-a2c9017a2ffe","http://jy.ggj.huainan.gov.cn/jyxx/012001/012001012/012001012002/20211104/b72a979f-1759-453b-ba92-a2c9017a2ffe.html","淮南市","2678025.12","2659889.36",,
"ah-huainan-b7da44fa-2082-4558-8adf-56d389b16690","http://jy.ggj.huainan.gov.cn/jyxx/012001/012001012/012001012002/20211111/b7da44fa-2082-4558-8adf-56d389b16690.html","淮南市","6375750.82","5606252.27","0.5","0.92"
"ah-huainan-b8662f98-4836-487c-8b01-b783a4db51f5-1KB","http://jy.ggj.huainan.gov.cn/jyxx/012001/012001012/012001012003/20221116/b8662f98-4836-487c-8b01-b783a4db51f5-1KB.html","淮南市",,"26385859.92","100",
"ah-huainan-b88f4ba7-c2d2-452d-85d6-b247db171404-1KB","http://jy.ggj.huainan.gov.cn/jyxx/012001/012001012/012001012002/20230525/b88f4ba7-c2d2-452d-85d6-b247db171404-1KB.html","淮南市","5223013.19","4674363.09","-8.2","-12.8"
"ah-huainan-b89fedef-cf74-4e4e-a1f2-12513e325ead-1KB","http://jy.ggj.huainan.gov.cn/jyxx/012001/012001012/012001012001/20230509/b89fedef-cf74-4e4e-a1f2-12513e325ead-1KB.html","淮南市",,"2150000.00",,
"ah-huainan-b9d796e1-5ecd-49d1-8b52-2eb7eb17401a-1KB","http://jy.ggj.huainan.gov.cn/jyxx/012001/012001012/012001012001/20221226/b9d796e1-5ecd-49d1-8b52-2eb7eb17401a-1KB.html","淮南市","8000000.0","6533226.29","0",
"ah-huainan-ba37d0c3-6d69-4156-ad53-37ba130af809-1KB","http://jy.ggj.huainan.gov.cn/jyxx/012001/012001012/012001012002/20230619/ba37d0c3-6d69-4156-ad53-37ba130af809-1KB.html","淮南市","2473043.39","1942316.54","0.6","0.96"
"ah-huainan-ba5d306c-bfb3-4fbf-8bdd-751c2dde10e3-1KB","http://jy.ggj.huainan.gov.cn/jyxx/012001/012001012/012001012002/20221130/ba5d306c-bfb3-4fbf-8bdd-751c2dde10e3-1KB.html","淮南市",,"774000","-12","-9.8"
"ah-huainan-bbefbce2-668d-4d4c-a777-ba367f511fe5-1KB","http://jy.ggj.huainan.gov.cn/jyxx/012001/012001012/012001012002/20230619/bbefbce2-668d-4d4c-a777-ba367f511fe5-1KB.html","淮南市","367918778.29","331130579.67",,
"ah-huainan-bc1991b2-874c-4e3a-8a48-e9fe2812003a-1KB","http://jy.ggj.huainan.gov.cn/jyxx/012001/012001012/012001012002/20230621/bc1991b2-874c-4e3a-8a48-e9fe2812003a-1KB.html","淮南市","100","786000.00",,
"ah-huainan-bc737f7a-bd8b-4851-90df-2a7f5608a2a4-1KB","http://jy.ggj.huainan.gov.cn/jyxx/012001/012001012/012001012002/20221201/bc737f7a-bd8b-4851-90df-2a7f5608a2a4-1KB.html","淮南市","27586573.96","24688749.2","-8.4","-9"
"ah-huainan-bd2fa127-d274-40e7-bf8d-1c138ce93ef2-1KB","http://jy.ggj.huainan.gov.cn/jyxx/012001/012001012/012001012002/20230607/bd2fa127-d274-40e7-bf8d-1c138ce93ef2-1KB.html","淮南市","8834450","7932200.00","-10","-9.8"
"ah-huainan-bede1999-b9bb-4690-b7fd-476db4268ecb-1KB","http://jy.ggj.huainan.gov.cn/jyxx/012001/012001012/012001012001/20221130/bede1999-b9bb-4690-b7fd-476db4268ecb-1KB.html","淮南市","10000.0","330000.00",,
"ah-huainan-bf1d6311-a34b-413f-9601-15485acc7ee5-1KB","http://jy.ggj.huainan.gov.cn/jyxx/012001/012001012/012001012003/20230314/bf1d6311-a34b-413f-9601-15485acc7ee5-1KB.html","淮南市","13000000.0","92.00","0",
"ah-huainan-bfa7f5cf-adf6-4f2e-a388-01490d6a19f8-1KB","http://jy.ggj.huainan.gov.cn/jyxx/012001/012001012/012001012002/20230306/bfa7f5cf-adf6-4f2e-a388-01490d6a19f8-1KB.html","淮南市","45342093.64","41168562.50","-10.4","-5.2"
"ah-huainan-bfb107a9-ad49-41d2-bf89-ef3fff5a3440-1KB","http://jy.ggj.huainan.gov.cn/jyxx/012001/012001012/012001012001/20230515/bfb107a9-ad49-41d2-bf89-ef3fff5a3440-1KB.html","淮南市",,"8259404.36","0",
"ah-huainan-bfc6a575-f8a7-4fa7-a1dc-59cc8f647e5e-1KB","http://jy.ggj.huainan.gov.cn/jyxx/012001/012001012/012001012002/20221101/bfc6a575-f8a7-4fa7-a1dc-59cc8f647e5e-1KB.html","淮南市","20069466.51","17496199.66","-14","-11.2"
"ah-huainan-c0b64eec-15d8-4b0c-8f68-2539bad22a63","http://jy.ggj.huainan.gov.cn/jyxx/012001/012001012/012001012002/20210831/c0b64eec-15d8-4b0c-8f68-2539bad22a63.html","淮南市","4742727410600.0","433463452.32","-8","-9.8"
"ah-huainan-c2836cde-c730-497e-8b86-656f0a5da857-1KB","http://jy.ggj.huainan.gov.cn/jyxx/012001/012001012/012001012001/20230504/c2836cde-c730-497e-8b86-656f0a5da857-1KB.html","淮南市",,"2070020.45",,
"ah-huainan-c3a0bddb-c87d-49b8-bd07-45d18fa07de8-1KB","http://jy.ggj.huainan.gov.cn/jyxx/012001/012001012/012001012001/20221219/c3a0bddb-c87d-49b8-bd07-45d18fa07de8-1KB.html","淮南市","3900000.0","3510000.00",,
"ah-huainan-c4a7f1de-054e-462e-9618-49372cbd2a58-1KB","http://jy.ggj.huainan.gov.cn/jyxx/012001/012001012/012001012003/20221117/c4a7f1de-054e-462e-9618-49372cbd2a58-1KB.html","淮南市","10100000.0","7292005.47","100",
"ah-huainan-c51d28f0-b3dc-48c0-a65a-ee32757467ce-1KB","http://jy.ggj.huainan.gov.cn/jyxx/012001/012001012/012001012001/20230504/c51d28f0-b3dc-48c0-a65a-ee32757467ce-1KB.html","淮南市",,"4607649","0",
"ah-huainan-c5cd306d-cd0b-4789-85c3-fce453d36983-1KB","http://jy.ggj.huainan.gov.cn/jyxx/012001/012001012/012001012002/20230330/c5cd306d-cd0b-4789-85c3-fce453d36983-1KB.html","淮南市","3665524.08","3205354.19","0.45","0.92"
"ah-huainan-c64292a0-03b6-4ab0-b065-f428d60ddada-1KB","http://jy.ggj.huainan.gov.cn/jyxx/012001/012001012/012001012002/20230302/c64292a0-03b6-4ab0-b065-f428d60ddada-1KB.html","淮南市",,"141150","5.8",
"ah-huainan-c8a0a755-fd7d-456c-8614-b725d1dfc606-1KB","http://jy.ggj.huainan.gov.cn/jyxx/012001/012001012/012001012001/20230424/c8a0a755-fd7d-456c-8614-b725d1dfc606-1KB.html","淮南市","470000000.0","408776523.87",,
"ah-huainan-c8b7e006-8aed-4d72-af6e-8fd7b5b0b786","http://jy.ggj.huainan.gov.cn/jyxx/012001/012001012/012001012002/20211102/c8b7e006-8aed-4d72-af6e-8fd7b5b0b786.html","淮南市","15","7878595.29","0.3","-2"
"ah-huainan-c8f6d480-f28b-498f-8e4d-763b5376fcbc","http://jy.ggj.huainan.gov.cn/jyxx/012001/012001012/012001012001/20220607/c8f6d480-f28b-498f-8e4d-763b5376fcbc.html","淮南市",,,,
"ah-huainan-c943c420-44d9-4c3e-80c8-14fdefe3e099","http://jy.ggj.huainan.gov.cn/jyxx/012001/012001012/012001012001/20211026/c943c420-44d9-4c3e-80c8-14fdefe3e099.html","淮南市",,"160000",,
"ah-huainan-c965e178-6709-49fc-818b-5857aa8ef596-1KB","http://jy.ggj.huainan.gov.cn/jyxx/012001/012001012/012001012002/20230619/c965e178-6709-49fc-818b-5857aa8ef596-1KB.html","淮南市","2473043.39","2298532.19","0.6","0.96"
"ah-huainan-c99d58c6-ce96-4bd7-9da0-5f4d22faed2b-1KB","http://jy.ggj.huainan.gov.cn/jyxx/012001/012001012/012001012002/20230516/c99d58c6-ce96-4bd7-9da0-5f4d22faed2b-1KB.html","淮南市",,"2963200","-5","-9.6"
"ah-huainan-caba1073-2a5f-41d5-9f29-9f1028873bce-1KB","http://jy.ggj.huainan.gov.cn/jyxx/012001/012001012/012001012002/20221130/caba1073-2a5f-41d5-9f29-9f1028873bce-1KB.html","淮南市",,"1070346.48","-11.6","-10.2"
"ah-huainan-cc5999ed-79d6-441a-82a0-a4aa2d9aea86-1KB","http://jy.ggj.huainan.gov.cn/jyxx/012001/012001012/012001012002/20230403/cc5999ed-79d6-441a-82a0-a4aa2d9aea86-1KB.html","淮南市",,"5090760","-9.8","-11"
"ah-huainan-cdf0e88b-2525-410f-a746-cf76255df156-1KB","http://jy.ggj.huainan.gov.cn/jyxx/012001/012001012/012001012001/20230504/cdf0e88b-2525-410f-a746-cf76255df156-1KB.html","淮南市",,"10545284.03","0",
"ah-huainan-cf0f7f8c-0a06-42f8-9b30-586f5413f64a-1KB","http://jy.ggj.huainan.gov.cn/jyxx/012001/012001012/012001012001/20230504/cf0f7f8c-0a06-42f8-9b30-586f5413f64a-1KB.html","淮南市","18230000.0","16193849.85","0",
"ah-huainan-d02e6d4b-5417-4704-9ee1-c90da0d65bea-1KB","http://jy.ggj.huainan.gov.cn/jyxx/012001/012001012/012001012003/20230425/d02e6d4b-5417-4704-9ee1-c90da0d65bea-1KB.html","淮南市","14.0988","99.50","0",
"ah-huainan-d07c071b-004d-45cc-bb0b-373b34d47288-1KB","http://jy.ggj.huainan.gov.cn/jyxx/012001/012001012/012001012002/20220921/d07c071b-004d-45cc-bb0b-373b34d47288-1KB.html","淮南市",,"745340",,
"ah-huainan-d103c243-4aa8-491e-9934-2039ae5eb6bd-1KB","http://jy.ggj.huainan.gov.cn/jyxx/012001/012001012/012001012002/20230307/d103c243-4aa8-491e-9934-2039ae5eb6bd-1KB.html","淮南市",,"2956800","-7","-6.4"
"ah-huainan-d188adc5-539a-40de-a4c7-777431dd9933-1KB","http://jy.ggj.huainan.gov.cn/jyxx/012001/012001012/012001012002/20230223/d188adc5-539a-40de-a4c7-777431dd9933-1KB.html","淮南市","41444971.06","36669629.70",,
"ah-huainan-d18d8dc8-4adb-40b8-a057-b4d4e3071929-1KB","http://jy.ggj.huainan.gov.cn/jyxx/012001/012001012/012001012001/20221109/d18d8dc8-4adb-40b8-a057-b4d4e3071929-1KB.html","淮南市",,"2421237","0",
"ah-huainan-d1a65d0a-ba45-4eed-a9f0-52922e8e31de-1KB","http://jy.ggj.huainan.gov.cn/jyxx/012001/012001012/012001012001/20230424/d1a65d0a-ba45-4eed-a9f0-52922e8e31de-1KB.html","淮南市",,"2968000.00","0",
"ah-huainan-d1e5d0fc-5584-45a5-847a-4a6c357e3bab-1KB","http://jy.ggj.huainan.gov.cn/jyxx/012001/012001012/012001012002/20230516/d1e5d0fc-5584-45a5-847a-4a6c357e3bab-1KB.html","淮南市","5440000.0","3644800",,
"ah-huainan-d21235e8-4caa-49a3-8c7f-d689071f2828-1KB","http://jy.ggj.huainan.gov.cn/jyxx/012001/012001012/012001012002/20230210/d21235e8-4caa-49a3-8c7f-d689071f2828-1KB.html","淮南市","13640000","11853100","-13","-14.6"
"ah-huainan-d273b8da-6fb1-4140-b75f-bb904f60f1d7-1KB","http://jy.ggj.huainan.gov.cn/jyxx/012001/012001012/012001012001/20230110/d273b8da-6fb1-4140-b75f-bb904f60f1d7-1KB.html","淮南市","21270000.0","20966124.00","0.5",
"ah-huainan-d2a78bae-a844-4f0b-bf80-775b36ccc6fd","http://jy.ggj.huainan.gov.cn/jyxx/012001/012001012/012001012003/20211126/d2a78bae-a844-4f0b-bf80-775b36ccc6fd.html","淮南市",,"133738800.00","100",
"ah-huainan-d2f12509-b3a4-4971-96b9-f130fbc55ad4-1KB","http://jy.ggj.huainan.gov.cn/jyxx/012001/012001012/012001012002/20221008/d2f12509-b3a4-4971-96b9-f130fbc55ad4-1KB.html","淮南市","4790226.95","4436708.21","0.4","0.98"
"ah-huainan-d4432430-d650-4702-b6bc-49d9432147d0-1KB","http://jy.ggj.huainan.gov.cn/jyxx/012001/012001012/012001012002/20230207/d4432430-d650-4702-b6bc-49d9432147d0-1KB.html","淮南市",,"1.15","1",
"ah-huainan-d4d366ba-abc7-4820-9a03-e930277bb3e5-1KB","http://jy.ggj.huainan.gov.cn/jyxx/012001/012001012/012001012001/20221208/d4d366ba-abc7-4820-9a03-e930277bb3e5-1KB.html","淮南市","49700000.0","44804560.62","0",
"ah-huainan-d4fbb531-da68-47cc-8814-fb3021ad368c-1KB","http://jy.ggj.huainan.gov.cn/jyxx/012001/012001012/012001012001/20230523/d4fbb531-da68-47cc-8814-fb3021ad368c-1KB.html","淮南市",,,,
"ah-huainan-d58defee-c935-4b2b-be6b-124c3233f291-1KB","http://jy.ggj.huainan.gov.cn/jyxx/012001/012001012/012001012002/20221031/d58defee-c935-4b2b-be6b-124c3233f291-1KB.html","淮南市","4000000.0","1795000",,
"ah-huainan-d5c8b9d7-0d00-40c2-a7fd-e4b8906d92db-1KB","http://jy.ggj.huainan.gov.cn/jyxx/012001/012001012/012001012001/20230109/d5c8b9d7-0d00-40c2-a7fd-e4b8906d92db-1KB.html","淮南市","6000000.0","5105000",,
"ah-huainan-d65d1868-dd7d-4bbc-b23f-5f4ca03192f2-1KB","http://jy.ggj.huainan.gov.cn/jyxx/012001/012001012/012001012001/20230515/d65d1868-dd7d-4bbc-b23f-5f4ca03192f2-1KB.html","淮南市","1795522687.62","1734950076.92","0",
"ah-huainan-d6b8ed02-df35-497a-820a-7b0c484cd8c7-1KB","http://jy.ggj.huainan.gov.cn/jyxx/012001/012001012/012001012002/20230619/d6b8ed02-df35-497a-820a-7b0c484cd8c7-1KB.html","淮南市","2473043.39","2311800.85","0.6","0.96"
"ah-huainan-d6c37448-12db-481f-a601-eef27e5878d6-1KB","http://jy.ggj.huainan.gov.cn/jyxx/012001/012001012/012001012002/20230221/d6c37448-12db-481f-a601-eef27e5878d6-1KB.html","淮南市","650000","586000",,
"ah-huainan-da55a295-1ffb-46ad-aeb0-221c4390e0f7-1KB","http://jy.ggj.huainan.gov.cn/jyxx/012001/012001012/012001012001/20221214/da55a295-1ffb-46ad-aeb0-221c4390e0f7-1KB.html","淮南市","640000000.0","614336000.00",,
"ah-huainan-da754a48-46fe-461f-8b34-1e6488f653c3","http://jy.ggj.huainan.gov.cn/jyxx/012001/012001012/012001012001/20221010/da754a48-46fe-461f-8b34-1e6488f653c3.html","淮南市",,,,
"ah-huainan-dc9a91b1-0045-4c4f-96ee-d6e5e43e41f7","http://jy.ggj.huainan.gov.cn/jyxx/012001/012001012/012001012002/20211104/dc9a91b1-0045-4c4f-96ee-d6e5e43e41f7.html","淮南市",,"726400","-8.9",
"ah-huainan-dd148ba8-6f0a-4546-b8f7-8eb4f8aa9bae-1KB","http://jy.ggj.huainan.gov.cn/jyxx/012001/012001012/012001012002/20230418/dd148ba8-6f0a-4546-b8f7-8eb4f8aa9bae-1KB.html","淮南市","4500000.0","3820000",,
"ah-huainan-de49fa4e-f8dd-4149-ab56-876d65ba3925-1KB","http://jy.ggj.huainan.gov.cn/jyxx/012001/012001012/012001012001/20230511/de49fa4e-f8dd-4149-ab56-876d65ba3925-1KB.html","淮南市","33000000.0","21320681.62","0",
"ah-huainan-de7147b9-6711-43dc-9f3a-5dd3567174bc-1KB","http://jy.ggj.huainan.gov.cn/jyxx/012001/012001012/012001012002/20230103/de7147b9-6711-43dc-9f3a-5dd3567174bc-1KB.html","淮南市","1","3262206.2","0.45","0.95"
"ah-huainan-df1c1f9b-d1b2-4333-9e95-d6ea4e1a8e5c","http://jy.ggj.huainan.gov.cn/jyxx/012001/012001012/012001012001/20220927/df1c1f9b-d1b2-4333-9e95-d6ea4e1a8e5c.html","淮南市","40000000.0","392000","0",
"ah-huainan-dff6ec68-17cb-4f95-b758-9111d08f4bf9-1KB","http://jy.ggj.huainan.gov.cn/jyxx/012001/012001012/012001012002/20230615/dff6ec68-17cb-4f95-b758-9111d08f4bf9-1KB.html","淮南市","3602285.12","1656339.77","0.55","0.97"
"ah-huainan-e0628154-e89f-460e-80fd-77bb38a0cc7a-1KB","http://jy.ggj.huainan.gov.cn/jyxx/012001/012001012/012001012002/20221209/e0628154-e89f-460e-80fd-77bb38a0cc7a-1KB.html","淮南市","2.25","1.40",,
"ah-huainan-e066aed3-f301-42be-88ad-a6d96d8b085f","http://jy.ggj.huainan.gov.cn/jyxx/012001/012001012/012001012002/20211102/e066aed3-f301-42be-88ad-a6d96d8b085f.html","淮南市","15","7878595.29","0.3","-2"
"ah-huainan-e09adbfd-46fa-4a01-ba8e-424ffbf9a374-1KB","http://jy.ggj.huainan.gov.cn/jyxx/012001/012001012/012001012001/20230328/e09adbfd-46fa-4a01-ba8e-424ffbf9a374-1KB.html","淮南市",,"1074316.62","0",
"ah-huainan-e0d7ef83-8cba-46e6-8904-236be656542f-1KB","http://jy.ggj.huainan.gov.cn/jyxx/012001/012001012/012001012003/20221117/e0d7ef83-8cba-46e6-8904-236be656542f-1KB.html","淮南市",,"25913462.40","100",
"ah-huainan-e0f9a469-1118-4222-925d-8ceac96ee7d8-1KB","http://jy.ggj.huainan.gov.cn/jyxx/012001/012001012/012001012002/20230302/e0f9a469-1118-4222-925d-8ceac96ee7d8-1KB.html","淮南市",,"138900","5.8",
"ah-huainan-e134dac0-8288-4cdf-b6b9-34cf6650afc3-1KB","http://jy.ggj.huainan.gov.cn/jyxx/012001/012001012/012001012003/20221227/e134dac0-8288-4cdf-b6b9-34cf6650afc3-1KB.html","淮南市",,"32850602.00","100",
"ah-huainan-e13545b6-d958-46c4-816d-dd0e3b234ce8-1KB","http://jy.ggj.huainan.gov.cn/jyxx/012001/012001012/012001012001/20230510/e13545b6-d958-46c4-816d-dd0e3b234ce8-1KB.html","淮南市","12000000.0","7893493.52","0",
"ah-huainan-e1637c92-c359-4330-a70b-4e5a62b261ea-1KB","http://jy.ggj.huainan.gov.cn/jyxx/012001/012001012/012001012002/20230518/e1637c92-c359-4330-a70b-4e5a62b261ea-1KB.html","淮南市","6748419.73","6251398.62","0.45","0.97"
"ah-huainan-e16f7d15-490e-4098-b14b-f3e1d997fb6f-1KB","http://jy.ggj.huainan.gov.cn/jyxx/012001/012001012/012001012002/20230627/e16f7d15-490e-4098-b14b-f3e1d997fb6f-1KB.html","淮南市",,,"0.5","0.96"
"ah-huainan-e1bf2063-f10f-4e8c-8b6b-b30749e9c4f6-1KB","http://jy.ggj.huainan.gov.cn/jyxx/012001/012001012/012001012001/20230111/e1bf2063-f10f-4e8c-8b6b-b30749e9c4f6-1KB.html","淮南市",,"1160000",,
"ah-huainan-e1cfe343-d2b3-456b-a46b-f6caa2b04f81-1KB","http://jy.ggj.huainan.gov.cn/jyxx/012001/012001012/012001012002/20221209/e1cfe343-d2b3-456b-a46b-f6caa2b04f81-1KB.html","淮南市","1500000","1069700",,
"ah-huainan-e26f9e70-9aa7-4996-8512-f6a5786b9458-1KB","http://jy.ggj.huainan.gov.cn/jyxx/012001/012001012/012001012002/20221229/e26f9e70-9aa7-4996-8512-f6a5786b9458-1KB.html","淮南市","5393","50694200","-6","-9"
"ah-huainan-e2a69cf1-39c3-4023-b6ea-1bcac7b68e40","http://jy.ggj.huainan.gov.cn/jyxx/012001/012001012/012001012001/20210701/e2a69cf1-39c3-4023-b6ea-1bcac7b68e40.html","淮南市",,,,
"ah-huainan-e2a73adc-0b03-4c4e-92dd-3c32d675ffc2-1KB","http://jy.ggj.huainan.gov.cn/jyxx/012001/012001012/012001012001/20230406/e2a73adc-0b03-4c4e-92dd-3c32d675ffc2-1KB.html","淮南市",,"2630000.00","11",
"ah-huainan-e2eb7a6f-abce-4428-bb65-ab3675c8f3dc-1KB","http://jy.ggj.huainan.gov.cn/jyxx/012001/012001012/012001012002/20221230/e2eb7a6f-abce-4428-bb65-ab3675c8f3dc-1KB.html","淮南市","2650399.72","2555016.25","0.4","0.96"
"ah-huainan-e3fa9662-8d69-410a-bbb6-e6d061883e47-1KB","http://jy.ggj.huainan.gov.cn/jyxx/012001/012001012/012001012002/20230309/e3fa9662-8d69-410a-bbb6-e6d061883e47-1KB.html","淮南市","22060000.0","21830000","0",
"ah-huainan-e479d9fd-bfa3-45f6-b4e8-52122ebb0b28-1KB","http://jy.ggj.huainan.gov.cn/jyxx/012001/012001012/012001012002/20230619/e479d9fd-bfa3-45f6-b4e8-52122ebb0b28-1KB.html","淮南市",,"755726166.07",,
"ah-huainan-e5a717f6-e1d0-46eb-89fc-d906312ec6db-1KB","http://jy.ggj.huainan.gov.cn/jyxx/012001/012001012/012001012001/20221201/e5a717f6-e1d0-46eb-89fc-d906312ec6db-1KB.html","淮南市",,,,
"ah-huainan-e5ea1228-f9b4-4e54-9e05-43fbee6f2ed9-1KB","http://jy.ggj.huainan.gov.cn/jyxx/012001/012001012/012001012002/20221219/e5ea1228-f9b4-4e54-9e05-43fbee6f2ed9-1KB.html","淮南市","1.1","1.05",,
"ah-huainan-e6be6446-530c-46aa-aad5-dfdbe5c30480-1KB","http://jy.ggj.huainan.gov.cn/jyxx/012001/012001012/012001012001/20230508/e6be6446-530c-46aa-aad5-dfdbe5c30480-1KB.html","淮南市",,"4860000","0",
"ah-huainan-e718fbb2-d467-4af9-8611-d4fce104b1bb-1KB","http://jy.ggj.huainan.gov.cn/jyxx/012001/012001012/012001012001/20230518/e718fbb2-d467-4af9-8611-d4fce104b1bb-1KB.html","淮南市","26000000.0","22647995.27","0",
"ah-huainan-e797236d-bf14-41fa-8f81-e4e8f2f5e914","http://jy.ggj.huainan.gov.cn/jyxx/012001/012001012/012001012002/20210927/e797236d-bf14-41fa-8f81-e4e8f2f5e914.html","淮南市","1386072.33","1279280.8","-6.6","-7.8"
"ah-huainan-e84ec29d-6d70-403b-815b-bba0fc5d7330-1KB","http://jy.ggj.huainan.gov.cn/jyxx/012001/012001012/012001012003/20221118/e84ec29d-6d70-403b-815b-bba0fc5d7330-1KB.html","淮南市",,"2153269.21","1",
"ah-huainan-e891837a-f818-4e30-b84e-aa8035ef4114-1KB","http://jy.ggj.huainan.gov.cn/jyxx/012001/012001012/012001012001/20221206/e891837a-f818-4e30-b84e-aa8035ef4114-1KB.html","淮南市","25000000.0","15797634.86","0",
"ah-huainan-e94dc6f3-7fc1-4363-899d-846c699ef97a-1KB","http://jy.ggj.huainan.gov.cn/jyxx/012001/012001012/012001012001/20230329/e94dc6f3-7fc1-4363-899d-846c699ef97a-1KB.html","淮南市",,"2460242.00","0",
"ah-huainan-eb0b6984-238a-40f4-82e8-0efac7b62529","http://jy.ggj.huainan.gov.cn/jyxx/012001/012001012/012001012002/20211104/eb0b6984-238a-40f4-82e8-0efac7b62529.html","淮南市","6850501.63","5853306.63","4.5","9.0"
"ah-huainan-eb80b1ce-24ff-4cdb-8d9e-258b75e84e6f-1KB","http://jy.ggj.huainan.gov.cn/jyxx/012001/012001012/012001012001/20230208/eb80b1ce-24ff-4cdb-8d9e-258b75e84e6f-1KB.html","淮南市",,"20385401.53","0.4",
"ah-huainan-ed260fb3-7d0d-4329-b7f7-defeba87392d-1KB","http://jy.ggj.huainan.gov.cn/jyxx/012001/012001012/012001012001/20230206/ed260fb3-7d0d-4329-b7f7-defeba87392d-1KB.html","淮南市",,"6880000",,
"ah-huainan-ef796261-d716-4fa2-a889-1534937e3dea-1KB","http://jy.ggj.huainan.gov.cn/jyxx/012001/012001012/012001012001/20230613/ef796261-d716-4fa2-a889-1534937e3dea-1KB.html","淮南市","4904000.0","4168397.87",,
"ah-huainan-ef94c461-1c6b-4f56-ae4e-95212ee9d9c0-1KB","http://jy.ggj.huainan.gov.cn/jyxx/012001/012001012/012001012002/20230320/ef94c461-1c6b-4f56-ae4e-95212ee9d9c0-1KB.html","淮南市","9348136.80","8488108.21","0.45","0.95"
"ah-huainan-f21f33e8-0ba2-4e5c-8a7c-3e43f7a7b2f2-1KB","http://jy.ggj.huainan.gov.cn/jyxx/012001/012001012/012001012002/20220930/f21f33e8-0ba2-4e5c-8a7c-3e43f7a7b2f2-1KB.html","淮南市",,,,
"ah-huainan-f231956d-3cbf-4661-ad13-2f96c458eefc-1KB","http://jy.ggj.huainan.gov.cn/jyxx/012001/012001012/012001012001/20221219/f231956d-3cbf-4661-ad13-2f96c458eefc-1KB.html","淮南市","391838700.0","380368539.00",,
"ah-huainan-f2638e6a-08e3-45ad-9c6a-c5f5d85c6945-1KB","http://jy.ggj.huainan.gov.cn/jyxx/012001/012001012/012001012002/20230615/f2638e6a-08e3-45ad-9c6a-c5f5d85c6945-1KB.html","淮南市","3602285.12","1781487.23","0.55","0.97"
"ah-huainan-f2b8426d-3028-4278-b395-2c4f9822049a-1KB","http://jy.ggj.huainan.gov.cn/jyxx/012001/012001012/012001012001/20221201/f2b8426d-3028-4278-b395-2c4f9822049a-1KB.html","淮南市","155589500.0","134118149.00",,
"ah-huainan-f2d20b10-edd9-4e04-8e2f-d5d5ab977c71-1KB","http://jy.ggj.huainan.gov.cn/jyxx/012001/012001012/012001012002/20230424/f2d20b10-edd9-4e04-8e2f-d5d5ab977c71-1KB.html","淮南市",,"3015000",,
"ah-huainan-f34ed04e-3f3e-44b6-8263-ceab9e622ed2-1KB","http://jy.ggj.huainan.gov.cn/jyxx/012001/012001012/012001012002/20230220/f34ed04e-3f3e-44b6-8263-ceab9e622ed2-1KB.html","淮南市","1","1665296.55","0.1","-1"
"ah-huainan-f507b2fa-cf87-4722-b2de-8f56347ad491-1KB","http://jy.ggj.huainan.gov.cn/jyxx/012001/012001012/012001012001/20230315/f507b2fa-cf87-4722-b2de-8f56347ad491-1KB.html","淮南市","34813500.0","34464900.00","0",
"ah-huainan-f5379b57-62de-4488-bbd4-f4f063b8be4e-1KB","http://jy.ggj.huainan.gov.cn/jyxx/012001/012001012/012001012003/20221223/f5379b57-62de-4488-bbd4-f4f063b8be4e-1KB.html","淮南市","20","90.00","0.4",
"ah-huainan-f542f095-bfb6-47ce-a21a-0f854ad1dc1f-1KB","http://jy.ggj.huainan.gov.cn/jyxx/012001/012001012/012001012002/20221130/f542f095-bfb6-47ce-a21a-0f854ad1dc1f-1KB.html","淮南市",,"1880000","-11.6","-10.2"
"ah-huainan-f57553e1-474b-433d-a95d-e55b95b2b85e","http://jy.ggj.huainan.gov.cn/jyxx/012001/012001012/012001012001/20211026/f57553e1-474b-433d-a95d-e55b95b2b85e.html","淮南市",,,,
"ah-huainan-f5c4bbe5-6411-4a0c-86cc-f0a57cd0f70f","http://jy.ggj.huainan.gov.cn/jyxx/012001/012001012/012001012001/20210811/f5c4bbe5-6411-4a0c-86cc-f0a57cd0f70f.html","淮南市",,"150000","0",
"ah-huainan-f65588ec-6f86-40cd-bd42-3331d48440fc-1KB","http://jy.ggj.huainan.gov.cn/jyxx/012001/012001012/012001012001/20230427/f65588ec-6f86-40cd-bd42-3331d48440fc-1KB.html","淮南市","14880000.0","11581138.28",,
"ah-huainan-f76019f6-ec98-4a93-9f23-477c075d5f69","http://jy.ggj.huainan.gov.cn/jyxx/012001/012001012/012001012002/20211104/f76019f6-ec98-4a93-9f23-477c075d5f69.html","淮南市","4908301.56","4230955.94","0.45","0.90"
"ah-huainan-f770b371-5886-4960-b0d7-2c8df2edb896-1KB","http://jy.ggj.huainan.gov.cn/jyxx/012001/012001012/012001012002/20230627/f770b371-5886-4960-b0d7-2c8df2edb896-1KB.html","淮南市",,,"0.45","0.94"
"ah-huainan-f7d65389-e3e9-4b5f-a366-be866d45b4fb-1KB","http://jy.ggj.huainan.gov.cn/jyxx/012001/012001012/012001012002/20230420/f7d65389-e3e9-4b5f-a366-be866d45b4fb-1KB.html","淮南市","1460870.49","815229.73","-15","-10.4"
"ah-huainan-f7ffb563-9f3a-4191-b0bd-030f67e23c60-1KB","http://jy.ggj.huainan.gov.cn/jyxx/012001/012001012/012001012002/20230615/f7ffb563-9f3a-4191-b0bd-030f67e23c60-1KB.html","淮南市","3602285.12","3286238.49","0.55","0.97"
"ah-huainan-f86949de-696f-4a17-9685-68be0e898bdc-1KB","http://jy.ggj.huainan.gov.cn/jyxx/012001/012001012/012001012001/20230321/f86949de-696f-4a17-9685-68be0e898bdc-1KB.html","淮南市",,"57396340.22","0",
"ah-huainan-f8a0ec55-4e44-4641-9de6-70df90a10896-1KB","http://jy.ggj.huainan.gov.cn/jyxx/012001/012001012/012001012002/20230525/f8a0ec55-4e44-4641-9de6-70df90a10896-1KB.html","淮南市","74832763.13","67349486.82",,
"ah-huainan-f92bc734-3aa4-4089-a632-d6b4b4e6b418-1KB","http://jy.ggj.huainan.gov.cn/jyxx/012001/012001012/012001012002/20230328/f92bc734-3aa4-4089-a632-d6b4b4e6b418-1KB.html","淮南市","5728467.9","6022079.38","0.6","0.96"
"ah-huainan-f97e2c95-2b7a-4849-a86d-2b43ea0f01ab-1KB","http://jy.ggj.huainan.gov.cn/jyxx/012001/012001012/012001012002/20221124/f97e2c95-2b7a-4849-a86d-2b43ea0f01ab-1KB.html","淮南市","20020000.0","2002","-9.4","-7.6"
"ah-huainan-fadef9f3-7724-45ba-820b-8b39542b2f77-1KB","http://jy.ggj.huainan.gov.cn/jyxx/012001/012001012/012001012001/20221101/fadef9f3-7724-45ba-820b-8b39542b2f77-1KB.html","淮南市","50000000.0","40944431.21",,
"ah-huainan-fba515b7-ec76-4ccf-aff3-26a0710c170e","http://jy.ggj.huainan.gov.cn/jyxx/012001/012001012/012001012002/20211104/fba515b7-ec76-4ccf-aff3-26a0710c170e.html","淮南市","5466874.67","5126288.38","0.45","0.98"
"ah-huainan-fc1651ae-2fee-4fae-a3df-889696162ec4-1KB","http://jy.ggj.huainan.gov.cn/jyxx/012001/012001012/012001012001/20221227/fc1651ae-2fee-4fae-a3df-889696162ec4-1KB.html","淮南市","4500000.0","4410000.00",,
"ah-huainan-fc8af04a-e6d2-474b-bb83-bb03b503036d","http://jy.ggj.huainan.gov.cn/jyxx/012001/012001012/012001012001/20211105/fc8af04a-e6d2-474b-bb83-bb03b503036d.html","淮南市",,"4158454.5",,
"ah-huainan-fcefdc48-4cd1-4735-b493-294e0f73d15a-1KB","http://jy.ggj.huainan.gov.cn/jyxx/012001/012001012/012001012001/20230313/fcefdc48-4cd1-4735-b493-294e0f73d15a-1KB.html","淮南市","180000000.0","135153327.71","0",
"ah-huainan-fcf6e661-8eb7-499d-b59a-ca16deca3f5c-1KB","http://jy.ggj.huainan.gov.cn/jyxx/012001/012001012/012001012002/20230328/fcf6e661-8eb7-499d-b59a-ca16deca3f5c-1KB.html","淮南市","5728467.9","7773564.99","0.6","0.96"
"ah-huainan-fe96e436-9f85-4e7f-b7c5-3dedad0d0105-1KB","http://jy.ggj.huainan.gov.cn/jyxx/012001/012001012/012001012001/20230406/fe96e436-9f85-4e7f-b7c5-3dedad0d0105-1KB.html","淮南市",,"20111940.21",,
